Workbook

Sheet README
B2: FLOODGUARD STO. NIÑO: PRE-HOLDOUT DEFENSE PROOF WORKBOOK
B3: Rule #33 Formula-Native Verification & Statistical Inference Audit | Generated: 2026-08-17 23:54:38
B5: 1. EXECUTIVE MANDATE & GOVERNANCE COMPLIANCE
B6: • This workbook provides 100% live formula proof for all derived values in the Pre-Holdout Modeling phase (2016-01-01 to 2023-12-31).
B7: • Dates are stored as genuine Excel date values (yyyy-mm-dd), OLS coefficients are computed via INDEX(LINEST(...)), and all validation metrics are live formulas.
B8: • Clicking any calculated cell reveals its live formula in Excel's formula bar.
B10: 2. TRUE OPERATIONAL HOLDOUT SEAL
B11: • The modeling input is constructed strictly from PREHOLDOUT_DAILY_INPUT_2016_2023.csv (exactly 2,922 calendar days).
B12: • Zero 2024–2025 rows enter memory, scripts, or workbook sheets.
B13: • Training Split: 2016-01-01 to 2022-05-26 (N_cal = 2,338 days).
B14: • Validation Split: 2022-05-27 to 2023-12-31 (N_cal = 584 days).
B15: • Holdout Split: 2024-01-01 to 2025-12-31 (N_cal = 731 days) [SEALED / UNTOUCHED].
... B30: • Sheet 'Model_Selection_Audit': Condorcet tournament rankings, OLS vs HC3 statistics, and audit notes.

Sheet Formula_Audit
B2: RULE #33 FORMULA AUDIT & REPRODUCIBILITY CATALOG
B3: Catalog of all active formula patterns across proof sheets (displayed as text strings)
B5: Sheet Name | C5: Calculated Range | D5: Primary Formula Pattern (Text) | E5: Source Range / Inputs | F5: Mathematical Description
B6: Train_Cand_15 | C6: K2:K6 | D6: INDEX(LINEST(B2:B1771, C2:F1771, TRUE, FALSE), 1, {pos}) | E6: Cols B (Y), C..F (X) | F6: OLS regression coefficients beta_0..beta_4 via Excel LINEST
B7: Train_Cand_15 | C7: G2:G1771 | D7: $K$2 + $K$3*C2 + $K$4*D2 + $K$5*E2 + $K$6*F2 | E7: Cols C..F, Betas K2:K6 | F7: Fitted water level OLS prediction on Training set
B8: Train_Cand_15 | C8: H2:H1771 | D8: B2 - G2 | E8: Col B (Actual), Col G (Pred) | F8: Regression residual (e = Y - Y_hat)
B9: Train_Cand_15 | C9: I2:I1771 | D9: ABS(H2) | E9: Col H (Residual) | F9: Absolute error magnitude |e|
B10: Train_Cand_15 | C10: J2:J1771 | D10: POWER(H2, 2) | E10: Col H (Residual) | F10: Squared error (e^2)
B11: Train_Cand_15 | C11: K10:K17 | D11: AVERAGE(I2:I1771), SQRT(K13), 1-K11/K12 | E11: Cols H..J (Errors) | F11: Training summary metrics: MAE, RMSE, SSE, SST, R2, Adj R2
B12: Val_Cand_15_Winner_Watershed | C12: G2:G457 | D12: Train_Cand_15!$K$2 + Train_Cand_15!$K$3*C2 + ... | E12: Validation Cols C..F, Betas | F12: Out-of-sample prediction using Training LINEST betas
B13: Val_Cand_15_Winner_Watershed | C13: H2:J457 | D13: B2-G2, ABS(H2), POWER(H2,2) | E13: Col B, Col G | F13: Out-of-sample residual, absolute error, squared error
B14: Val_Cand_15_Winner_Watershed | C14: L2:L8 | D14: AVERAGE(I2:I457), SQRT(AVERAGE(J2:J457)) | E14: Cols I, J | F14: Validation MAE, RMSE, Bias, and R2 summary metrics
B15: Val_Pairwise_456_Dates | C15: O2:R457 | D15: Pred_C15 (Col O), Res_C15 (Col P), AbsErr_C15 (Col Q), SqErr_C15 (Col R) | E15: 456 Common Validation Dates | F15: Repaired Candidate 15 prediction and error columns
B16: Val_Pairwise_456_Dates | C16: W10:W16 | D16: AVERAGE(Q2:Q457), SQRT(AVERAGE(R2:R457)), AVERAGE(P2:P457) | E16: Cols P, Q, R | F16: Repaired Candidate 15 summary formulas (MAE, RMSE, Bias, R2)
... B18: Pairwise_Matrix_Admissible | C18: H6:P96 | D18: H6 - I6, IF(J6<0, D6, F6) | E18: Cols F, G | F18: Pairwise MAE/RMSE differentials and Condorcet winner logic

Sheet Daily_Data_2016_2023
A1: Date | B1: Sto_Nino_WL_DailyMax | C1: Sto_t_1 | D1: Sto_t_3 | E1: Oro_Rain_DailySum | F1: Oro_t_1 | G1: Campana_Rain_DailySum | H1: Campana_t_1 | I1: Boso_Rain_DailySum | J1: Boso_t_1 | K1: Aries_Rain_DailySum | L1: Aries_t_1
A2: 42370 | B2: 12.31 | E2: 1 | G2: 5 | I2: 2 | K2: 1
A3: 42371 | B3: 12.32 | C3: 12.31 | E3: 1 | F3: 1 | G3: 6 | H3: 5 | I3: 6 | J3: 2 | K3: 2 | L3: 1
A4: 42372 | B4: 12.28 | C4: 12.32 | E4: 0 | F4: 1 | G4: 0 | H4: 6 | I4: 0 | J4: 6 | K4: 0 | L4: 2
A5: 42373 | C5: 12.28 | D5: 12.31 | E5: 0 | F5: 0 | G5: 0 | H5: 0 | I5: 0 | J5: 0 | K5: 0 | L5: 0
A6: 42374 | B6: 12.16 | D6: 12.32 | E6: 0 | F6: 0 | G6: 0 | H6: 0 | I6: 0 | J6: 0 | K6: 0 | L6: 0
A7: 42375 | C7: 12.16 | D7: 12.28 | E7: 0 | F7: 0 | G7: 0 | H7: 0 | I7: 0 | J7: 0 | K7: 0 | L7: 0
A8: 42376 | E8: 0 | F8: 0 | G8: 0 | H8: 0 | I8: 0 | J8: 0 | K8: 1 | L8: 0
A9: 42377 | D9: 12.16 | E9: 0 | F9: 0 | G9: 0 | H9: 0 | I9: 0 | J9: 0 | K9: 0 | L9: 1
A10: 42378 | B10: 12.08 | E10: 0 | F10: 0 | G10: 0 | H10: 0 | I10: 0 | J10: 0 | K10: 0 | L10: 0
A11: 42379 | B11: 12.07 | C11: 12.08 | E11: 0 | F11: 0 | G11: 0 | H11: 0 | I11: 0 | J11: 0 | K11: 0 | L11: 0
A12: 42380 | B12: 12.06 | C12: 12.07 | E12: 0 | F12: 0 | G12: 0 | H12: 0 | I12: 0 | J12: 0 | K12: 0 | L12: 0
A13: 42381 | B13: 12.14 | C13: 12.06 | D13: 12.08 | E13: 0 | F13: 0 | G13: 0 | H13: 0 | I13: 16 | J13: 0 | K13: 0 | L13: 0
A14: 42382 | B14: 12.12 | C14: 12.14 | D14: 12.07 | E14: 0 | F14: 0 | G14: 0 | H14: 0 | I14: 0 | J14: 16 | K14: 0 | L14: 0
A15: 42383 | B15: 12.03 | C15: 12.12 | D15: 12.06 | E15: 0 | F15: 0 | G15: 0 | H15: 0 | I15: 0 | J15: 0 | K15: 0 | L15: 0
A16: 42384 | B16: 12.01 | C16: 12.03 | D16: 12.14 | E16: 0 | F16: 0 | G16: 0 | H16: 0 | I16: 0 | J16: 0 | K16: 0 | L16: 0
A17: 42385 | B17: 12 | C17: 12.01 | D17: 12.12 | E17: 0 | F17: 0 | G17: 0 | H17: 0 | I17: 0 | J17: 0 | K17: 0 | L17: 0
A18: 42386 | B18: 12 | C18: 12 | D18: 12.03 | E18: 0 | F18: 0 | G18: 0 | H18: 0 | I18: 0 | J18: 0 | K18: 0 | L18: 0
A19: 42387 | B19: 11.99 | C19: 12 | D19: 12.01 | E19: 0 | F19: 0 | G19: 0 | H19: 0 | I19: 0 | J19: 0 | K19: 0 | L19: 0
A20: 42388 | B20: 11.98 | C20: 11.99 | D20: 12 | E20: 0 | F20: 0 | G20: 0 | H20: 0 | I20: 0 | J20: 0 | K20: 0 | L20: 0
A21: 42389 | B21: 11.97 | C21: 11.98 | D21: 12 | E21: 0 | F21: 0 | G21: 0 | H21: 0 | I21: 0 | J21: 0 | K21: 0 | L21: 0
A22: 42390 | C22: 11.97 | D22: 11.99 | E22: 0 | F22: 0 | G22: 0 | H22: 0 | I22: 0 | J22: 0 | K22: 0 | L22: 0
A23: 42391 | B23: 11.96 | D23: 11.98 | E23: 0 | F23: 0 | G23: 0 | H23: 0 | I23: 0 | J23: 0 | K23: 0 | L23: 0
A24: 42392 | B24: 11.95 | C24: 11.96 | D24: 11.97 | E24: 0 | F24: 0 | G24: 1 | H24: 0 | I24: 0 | J24: 0 | K24: 0 | L24: 0
A25: 42393 | B25: 11.95 | C25: 11.95 | E25: 0 | F25: 0 | G25: 0 | H25: 1 | I25: 0 | J25: 0 | K25: 0 | L25: 0
A26: 42394 | B26: 11.95 | C26: 11.95 | D26: 11.96 | E26: 0 | F26: 0 | G26: 0 | H26: 0 | I26: 0 | J26: 0 | K26: 0 | L26: 0
A27: 42395 | B27: 11.95 | C27: 11.95 | D27: 11.95 | E27: 0 | F27: 0 | G27: 1 | H27: 0 | I27: 0 | J27: 0 | K27: 0 | L27: 0
A28: 42396 | B28: 11.91 | C28: 11.95 | D28: 11.95 | E28: 0 | F28: 0 | G28: 0 | H28: 1 | I28: 0 | J28: 0 | K28: 0 | L28: 0
A29: 42397 | B29: 11.92 | C29: 11.91 | D29: 11.95 | E29: 0 | F29: 0 | G29: 0 | H29: 0 | I29: 0 | J29: 0 | K29: 0 | L29: 0
A30: 42398 | B30: 11.92 | C30: 11.92 | D30: 11.95 | E30: 0 | F30: 0 | G30: 0 | H30: 0 | I30: 0 | J30: 0 | K30: 0 | L30: 0
A31: 42399 | B31: 11.94 | C31: 11.92 | D31: 11.91 | E31: 0 | F31: 0 | G31: 0 | H31: 0 | I31: 0 | J31: 0 | K31: 0 | L31: 0
A32: 42400 | B32: 11.95 | C32: 11.94 | D32: 11.92 | E32: 0 | F32: 0 | G32: 0 | H32: 0 | I32: 0 | J32: 0 | K32: 0 | L32: 0
A33: 42401 | B33: 11.92 | C33: 11.95 | D33: 11.92 | E33: 0 | F33: 0 | G33: 0 | H33: 0 | I33: 0 | J33: 0 | K33: 0 | L33: 0
A34: 42402 | B34: 11.91 | C34: 11.92 | D34: 11.94 | E34: 0 | F34: 0 | G34: 0 | H34: 0 | I34: 0 | J34: 0 | K34: 0 | L34: 0
A35: 42403 | B35: 11.91 | C35: 11.91 | D35: 11.95 | E35: 0 | F35: 0 | G35: 0 | H35: 0 | I35: 0 | J35: 0 | K35: 0 | L35: 0
A36: 42404 | B36: 11.92 | C36: 11.91 | D36: 11.92 | E36: 2 | F36: 0 | G36: 0 | H36: 0 | I36: 0 | J36: 0 | K36: 0 | L36: 0
A37: 42405 | B37: 11.92 | C37: 11.92 | D37: 11.91 | E37: 0 | F37: 2 | G37: 1 | H37: 0 | I37: 2 | J37: 0 | K37: 0 | L37: 0
... A121: 42489 | B121: 11.39 | C121: 11.87 | D121: 11.87 | E121: 0 | F121: 0 | G121: 0 | H121: 0 | I121: 0 | J121: 0 | K121: 0 | L121: 0
A122: 42490 | B122: 11.39 | C122: 11.39 | D122: 11.87 | F122: 0 | H122: 0 | J122: 0 | L122: 0
A123: 42491 | B123: 11.39 | C123: 11.39 | D123: 11.87 | E123: 0 | G123: 0 | I123: 0 | K123: 0
A124: 42492 | B124: 11.39 | C124: 11.39 | D124: 11.39 | E124: 0 | F124: 0 | G124: 0 | H124: 0 | I124: 0 | J124: 0 | K124: 0 | L124: 0
A125: 42493 | B125: 11.39 | C125: 11.39 | D125: 11.39 | E125: 0 | F125: 0 | G125: 0 | H125: 0 | I125: 0 | J125: 0 | K125: 4 | L125: 0
A126: 42494 | B126: 11.39 | C126: 11.39 | D126: 11.39 | E126: 0 | F126: 0 | G126: 0 | H126: 0 | I126: 0 | J126: 0 | K126: 0 | L126: 4
A127: 42495 | B127: 11.39 | C127: 11.39 | D127: 11.39 | E127: 0 | F127: 0 | G127: 2 | H127: 0 | I127: 12 | J127: 0 | K127: 10 | L127: 0
A128: 42496 | B128: 11.34 | C128: 11.39 | D128: 11.39 | E128: 0 | F128: 0 | G128: 0 | H128: 2 | I128: 0 | J128: 12 | K128: 0 | L128: 10
A129: 42497 | B129: 11.34 | C129: 11.34 | D129: 11.39 | E129: 0 | F129: 0 | G129: 0 | H129: 0 | I129: 0 | J129: 0 | K129: 0 | L129: 0
A130: 42498 | B130: 11.33 | C130: 11.34 | D130: 11.39 | E130: 0 | F130: 0 | G130: 0 | H130: 0 | I130: 0 | J130: 0 | K130: 0 | L130: 0
A131: 42499 | B131: 11.33 | C131: 11.33 | D131: 11.34 | E131: 0 | F131: 0 | G131: 0 | H131: 0 | I131: 0 | J131: 0 | K131: 0 | L131: 0
A132: 42500 | B132: 11.33 | C132: 11.33 | D132: 11.34 | E132: 0 | F132: 0 | G132: 0 | H132: 0 | I132: 0 | J132: 0 | K132: 0 | L132: 0
A133: 42501 | B133: 11.32 | C133: 11.33 | D133: 11.33 | E133: 0 | F133: 0 | G133: 0 | H133: 0 | I133: 0 | J133: 0 | K133: 0 | L133: 0
A134: 42502 | B134: 11.32 | C134: 11.32 | D134: 11.33 | E134: 0 | F134: 0 | G134: 29 | H134: 0 | I134: 13 | J134: 0 | K134: 0 | L134: 0
A135: 42503 | B135: 11.32 | C135: 11.32 | D135: 11.33 | E135: 0 | F135: 0 | G135: 0 | H135: 29 | I135: 0 | J135: 13 | K135: 0 | L135: 0
... A156: 42524 | B156: 12.91 | C156: 12.69 | D156: 12.45 | E156: 1 | F156: 1 | G156: 16 | H156: 27 | I156: 15 | J156: 47 | K156: 30 | L156: 41
A157: 42525 | C157: 12.91 | D157: 12.45 | E157: 0 | F157: 1 | G157: 0 | H157: 16 | I157: 0 | J157: 15 | K157: 0 | L157: 30
A158: 42526 | B158: 12.18 | D158: 12.69 | E158: 0 | F158: 0 | G158: 8 | H158: 0 | I158: 25 | J158: 0 | K158: 0 | L158: 0
A159: 42527 | B159: 13.56 | C159: 12.18 | D159: 12.91 | E159: 1 | F159: 0 | G159: 4 | H159: 8 | I159: 39 | J159: 25 | K159: 21 | L159: 0
A160: 42528 | B160: 13.41 | C160: 13.56 | E160: 0 | F160: 1 | G160: 0 | H160: 4 | I160: 0 | J160: 39 | K160: 0 | L160: 21
A161: 42529 | B161: 12.36 | C161: 13.41 | D161: 12.18 | E161: 0 | F161: 0 | G161: 0 | H161: 0 | I161: 2 | J161: 0 | K161: 0 | L161: 0
A162: 42530 | B162: 12.44 | C162: 12.36 | D162: 13.56 | E162: 2 | F162: 0 | G162: 15 | H162: 0 | I162: 30 | J162: 2 | K162: 18 | L162: 0
A163: 42531 | B163: 12.36 | C163: 12.44 | D163: 13.41 | E163: 0 | F163: 2 | G163: 0 | H163: 15 | I163: 0 | J163: 30 | K163: 0 | L163: 18
A164: 42532 | B164: 12.4 | C164: 12.36 | D164: 12.36 | E164: 0 | F164: 0 | G164: 0 | H164: 0 | I164: 0 | J164: 0 | K164: 29 | L164: 0
A165: 42533 | B165: 12.43 | C165: 12.4 | D165: 12.44 | E165: 1 | F165: 0 | G165: 12 | H165: 0 | I165: 2 | J165: 0 | K165: 2 | L165: 29
A166: 42534 | B166: 12.41 | C166: 12.43 | D166: 12.36 | E166: 0 | F166: 1 | G166: 10 | H166: 12 | I166: 0 | J166: 2 | K166: 0 | L166: 2
A167: 42535 | B167: 12.29 | C167: 12.41 | D167: 12.4 | E167: 0 | F167: 0 | G167: 1 | H167: 10 | I167: 0 | J167: 0 | K167: 2 | L167: 0
A168: 42536 | B168: 12.66 | C168: 12.29 | D168: 12.43 | E168: 0 | F168: 0 | G168: 60 | H168: 1 | I168: 58 | J168: 0 | K168: 41 | L168: 2
A169: 42537 | B169: 12.84 | C169: 12.66 | D169: 12.41 | E169: 0 | F169: 0 | G169: 0 | H169: 60 | I169: 0 | J169: 58 | K169: 0 | L169: 41
A170: 42538 | B170: 12.41 | C170: 12.84 | D170: 12.29 | E170: 0 | F170: 0 | G170: 0 | H170: 0 | I170: 1 | J170: 0 | K170: 0 | L170: 0
A171: 42539 | B171: 12.16 | C171: 12.41 | D171: 12.66 | E171: 0 | F171: 0 | G171: 11 | H171: 0 | I171: 5 | J171: 1 | K171: 3 | L171: 0
A172: 42540 | B172: 12.06 | C172: 12.16 | D172: 12.84 | E172: 0 | F172: 0 | G172: 5 | H172: 11 | I172: 3 | J172: 5 | K172: 4 | L172: 3
... A176: 42544 | B176: 12.58 | C176: 12.63 | D176: 12.02 | E176: 0 | F176: 2 | G176: 0 | H176: 3 | I176: 0 | J176: 5 | K176: 0 | L176: 4
A177: 42545 | C177: 12.58 | D177: 12.02 | E177: 0 | F177: 0 | G177: 0 | H177: 0 | I177: 0 | J177: 0 | K177: 5 | L177: 0
A178: 42546 | B178: 11.98 | D178: 12.63 | E178: 0 | F178: 0 | G178: 0 | H178: 0 | I178: 0 | J178: 0 | K178: 0 | L178: 5
A179: 42547 | B179: 12.38 | C179: 11.98 | D179: 12.58 | E179: 1 | F179: 0 | G179: 17 | H179: 0 | I179: 15 | J179: 0 | K179: 10 | L179: 0
A180: 42548 | B180: 12.21 | C180: 12.38 | E180: 0 | F180: 1 | G180: 1 | H180: 17 | I180: 0 | J180: 15 | K180: 0 | L180: 10
A181: 42549 | B181: 12.03 | C181: 12.21 | D181: 11.98 | E181: 0 | F181: 0 | G181: 0 | H181: 1 | I181: 0 | J181: 0 | K181: 0 | L181: 0
A182: 42550 | B182: 12.56 | C182: 12.03 | D182: 12.38 | E182: 0 | F182: 0 | G182: 16 | H182: 0 | I182: 8 | J182: 0 | K182: 12 | L182: 0
A183: 42551 | B183: 12.33 | C183: 12.56 | D183: 12.21 | E183: 0 | F183: 0 | G183: 7 | H183: 16 | I183: 4 | J183: 8 | K183: 5 | L183: 12
A184: 42552 | B184: 12.05 | C184: 12.33 | D184: 12.03 | E184: 0 | F184: 0 | G184: 0 | H184: 7 | I184: 0 | J184: 4 | K184: 0 | L184: 5
A185: 42553 | B185: 12.03 | C185: 12.05 | D185: 12.56 | E185: 1 | F185: 0 | G185: 4 | H185: 0 | I185: 1 | J185: 0 | K185: 0 | L185: 0
A186: 42554 | B186: 12.53 | C186: 12.03 | D186: 12.33 | E186: 2 | F186: 1 | G186: 3 | H186: 4 | I186: 1 | J186: 1 | K186: 53 | L186: 0
A187: 42555 | B187: 12.4 | C187: 12.53 | D187: 12.05 | E187: 0 | F187: 2 | G187: 1 | H187: 3 | I187: 0 | J187: 1 | K187: 0 | L187: 53
A188: 42556 | B188: 13.42 | C188: 12.4 | D188: 12.03 | E188: 0 | F188: 0 | G188: 0 | H188: 1 | I188: 41 | J188: 0 | K188: 39 | L188: 0
A189: 42557 | B189: 13.13 | C189: 13.42 | D189: 12.53 | E189: 1 | F189: 0 | G189: 5 | H189: 0 | I189: 2 | J189: 41 | K189: 9 | L189: 39
A190: 42558 | B190: 12.87 | C190: 13.13 | D190: 12.4 | E190: 5 | F190: 1 | G190: 56 | H190: 5 | I190: 49 | J190: 2 | K190: 87 | L190: 9
A191: 42559 | B191: 14.51 | C191: 12.87 | D191: 13.42 | E191: 2 | F191: 5 | G191: 57 | H191: 56 | I191: 48 | J191: 49 | K191: 34 | L191: 87
A192: 42560 | B192: 13.7 | C192: 14.51 | D192: 13.13 | E192: 2 | F192: 2 | G192: 18 | H192: 57 | I192: 9 | J192: 48 | K192: 13 | L192: 34
... A197: 42565 | B197: 12.76 | C197: 12.61 | D197: 13.4 | E197: 16 | F197: 33 | G197: 4 | H197: 10 | I197: 10 | J197: 1 | K197: 6 | L197: 0
A198: 42566 | C198: 12.76 | D198: 13.02 | E198: 4 | F198: 16 | G198: 0 | H198: 4 | I198: 0 | J198: 10 | K198: 1 | L198: 6
A199: 42567 | B199: 12.65 | D199: 12.61 | E199: 3 | F199: 4 | G199: 1 | H199: 0 | I199: 12 | J199: 0 | K199: 10 | L199: 1
A200: 42568 | B200: 12.74 | C200: 12.65 | D200: 12.76 | E200: 21 | F200: 3 | G200: 9 | H200: 1 | I200: 26 | J200: 12 | K200: 4 | L200: 10
A201: 42569 | B201: 12.64 | C201: 12.74 | E201: 4 | F201: 21 | G201: 0 | H201: 9 | I201: 0 | J201: 26 | K201: 0 | L201: 4
A202: 42570 | B202: 12.37 | C202: 12.64 | D202: 12.65 | E202: 13 | F202: 4 | G202: 1 | H202: 0 | I202: 0 | J202: 0 | K202: 1 | L202: 0
A203: 42571 | B203: 12.35 | C203: 12.37 | D203: 12.74 | E203: 0 | F203: 13 | G203: 1 | H203: 1 | I203: 0 | J203: 0 | K203: 0 | L203: 1
A204: 42572 | B204: 12.9 | C204: 12.35 | D204: 12.64 | E204: 7 | F204: 0 | G204: 0 | H204: 1 | I204: 27 | J204: 0 | K204: 28 | L204: 0
A205: 42573 | B205: 12.85 | C205: 12.9 | D205: 12.37 | E205: 19 | F205: 7 | G205: 0 | H205: 0 | I205: 2 | J205: 27 | K205: 8 | L205: 28
A206: 42574 | B206: 12.86 | C206: 12.85 | D206: 12.35 | E206: 1 | F206: 19 | G206: 10 | H206: 0 | I206: 43 | J206: 2 | K206: 16 | L206: 8
A207: 42575 | B207: 13.82 | C207: 12.86 | D207: 12.9 | E207: 62 | F207: 1 | G207: 35 | H207: 10 | I207: 43 | J207: 43 | K207: 45 | L207: 16
A208: 42576 | B208: 13.25 | C208: 13.82 | D208: 12.85 | E208: 0 | F208: 62 | G208: 0 | H208: 35 | I208: 0 | J208: 43 | K208: 0 | L208: 45
A209: 42577 | B209: 12.62 | C209: 13.25 | D209: 12.86 | E209: 0 | F209: 0 | G209: 0 | H209: 0 | I209: 4 | J209: 0 | K209: 0 | L209: 0
A210: 42578 | B210: 12.77 | C210: 12.62 | D210: 13.82 | E210: 39 | F210: 0 | G210: 0 | H210: 0 | I210: 0 | J210: 4 | K210: 0 | L210: 0
...

Sheet Train_Cand_10
A1: Date | B1: Actual_Y | C1: Sto_Nino_DailyMaxWL_t_1 | D1: Sto_Nino_DailyMaxWL_t_3 | E1: Mt_Oro_Rain_t_1 | F1: Pred_Y_Formula | G1: Residual_Formula | H1: Abs_Error_Formula | I1: Sq_Error_Formula | K1: COEFFICIENT | L1: EXCEL LINEST FORMULA
A2: 42381 | B2: 12.14 | C2: 12.06 | D2: 12.08 | E2: 0 | F2: =$L$2 + $L$3*C2 + $L$4*D2 + $L$5*E2 -> 11.955061 | G2: =B2 - F2 -> 0.18493865 | H2: =ABS(G2) -> 0.18493865 | I2: =POWER(G2, 2) -> 0.034202305 | K2: Intercept (beta_0) | L2: =INDEX(LINEST(B2:B2111, C2:E2111, TRUE, FALSE), 1, 4) -> 5.2034777
A3: 42382 | B3: 12.12 | C3: 12.14 | D3: 12.07 | E3: 0 | F3: =$L$2 + $L$3*C3 + $L$4*D3 + $L$5*E3 -> 11.977474 | G3: =B3 - F3 -> 0.14252601 | H3: =ABS(G3) -> 0.14252601 | I3: =POWER(G3, 2) -> 0.020313662 | K3: Sto_Nino_DailyMaxWL_t_1 (beta_1) | L3: =INDEX(LINEST(B2:B2111, C2:E2111, TRUE, FALSE), 1, 3) -> 0.31118732
A4: 42383 | B4: 12.03 | C4: 12.12 | D4: 12.06 | E4: 0 | F4: =$L$2 + $L$3*C4 + $L$4*D4 + $L$5*E4 -> 11.968768 | G4: =B4 - F4 -> 0.061232091 | H4: =ABS(G4) -> 0.061232091 | I4: =POWER(G4, 2) -> 0.0037493689 | K4: Sto_Nino_DailyMaxWL_t_3 (beta_2) | L4: =INDEX(LINEST(B2:B2111, C2:E2111, TRUE, FALSE), 1, 2) -> 0.24823382
A5: 42384 | B5: 12.01 | C5: 12.03 | D5: 12.14 | E5: 0 | F5: =$L$2 + $L$3*C5 + $L$4*D5 + $L$5*E5 -> 11.96062 | G5: =B5 - F5 -> 0.049380243 | H5: =ABS(G5) -> 0.049380243 | I5: =POWER(G5, 2) -> 0.0024384084 | K5: Mt_Oro_Rain_t_1 (beta_3) | L5: =INDEX(LINEST(B2:B2111, C2:E2111, TRUE, FALSE), 1, 1) -> 0.015296946
A6: 42385 | B6: 12 | C6: 12.01 | D6: 12.12 | E6: 0 | F6: =$L$2 + $L$3*C6 + $L$4*D6 + $L$5*E6 -> 11.949431 | G6: =B6 - F6 -> 0.050568666 | H6: =ABS(G6) -> 0.050568666 | I6: =POWER(G6, 2) -> 0.00255719
A7: 42386 | B7: 12 | C7: 12 | D7: 12.03 | E7: 0 | F7: =$L$2 + $L$3*C7 + $L$4*D7 + $L$5*E7 -> 11.923978 | G7: =B7 - F7 -> 0.076021583 | H7: =ABS(G7) -> 0.076021583 | I7: =POWER(G7, 2) -> 0.0057792811 | K7: TRAINING METRIC | L7: EXCEL FORMULA VALUE
A8: 42387 | B8: 11.99 | C8: 12 | D8: 12.01 | E8: 0 | F8: =$L$2 + $L$3*C8 + $L$4*D8 + $L$5*E8 -> 11.919014 | G8: =B8 - F8 -> 0.07098626 | H8: =ABS(G8) -> 0.07098626 | I8: =POWER(G8, 2) -> 0.0050390491 | K8: Training N | L8: =COUNT(B2:B2111) -> 2110
A9: 42388 | B9: 11.98 | C9: 11.99 | D9: 12 | E9: 0 | F9: =$L$2 + $L$3*C9 + $L$4*D9 + $L$5*E9 -> 11.91342 | G9: =B9 - F9 -> 0.066580471 | H9: =ABS(G9) -> 0.066580471 | I9: =POWER(G9, 2) -> 0.0044329591 | K9: Predictors (K) | L9: 3
A10: 42389 | B10: 11.97 | C10: 11.98 | D10: 12 | E10: 0 | F10: =$L$2 + $L$3*C10 + $L$4*D10 + $L$5*E10 -> 11.910308 | G10: =B10 - F10 -> 0.059692344 | H10: =ABS(G10) -> 0.059692344 | I10: =POWER(G10, 2) -> 0.003563176 | K10: SSE | L10: =SUM(I2:I2111) -> 19438.991
A11: 42392 | B11: 11.95 | C11: 11.96 | D11: 11.97 | E11: 0 | F11: =$L$2 + $L$3*C11 + $L$4*D11 + $L$5*E11 -> 11.896637 | G11: =B11 - F11 -> 0.053363105 | H11: =ABS(G11) -> 0.053363105 | I11: =POWER(G11, 2) -> 0.002847621 | K11: SST | L11: =DEVSQ(B2:B2111) -> 25343.572
A12: 42394 | B12: 11.95 | C12: 11.95 | D12: 11.96 | E12: 0 | F12: =$L$2 + $L$3*C12 + $L$4*D12 + $L$5*E12 -> 11.891043 | G12: =B12 - F12 -> 0.058957317 | H12: =ABS(G12) -> 0.058957317 | I12: =POWER(G12, 2) -> 0.0034759652 | K12: MSE | L12: =L10/(L8 - L9 - 1) -> 9.23029
A13: 42395 | B13: 11.95 | C13: 11.95 | D13: 11.95 | E13: 0 | F13: =$L$2 + $L$3*C13 + $L$4*D13 + $L$5*E13 -> 11.88856 | G13: =B13 - F13 -> 0.061439655 | H13: =ABS(G13) -> 0.061439655 | I13: =POWER(G13, 2) -> 0.0037748312 | K13: RMSE (m) | L13: =SQRT(L12) -> 3.0381392
A14: 42396 | B14: 11.91 | C14: 11.95 | D14: 11.95 | E14: 0 | F14: =$L$2 + $L$3*C14 + $L$4*D14 + $L$5*E14 -> 11.88856 | G14: =B14 - F14 -> 0.021439655 | H14: =ABS(G14) -> 0.021439655 | I14: =POWER(G14, 2) -> 0.0004596588 | K14: MAE (m) | L14: =AVERAGE(H2:H2111) -> 0.68010816
A15: 42397 | B15: 11.92 | C15: 11.91 | D15: 11.95 | E15: 0 | F15: =$L$2 + $L$3*C15 + $L$4*D15 + $L$5*E15 -> 11.876113 | G15: =B15 - F15 -> 0.043887148 | H15: =ABS(G15) -> 0.043887148 | I15: =POWER(G15, 2) -> 0.0019260817 | K15: Training R2 | L15: =1 - (L10 / L11) -> 0.23298142
A16: 42398 | B16: 11.92 | C16: 11.92 | D16: 11.95 | E16: 0 | F16: =$L$2 + $L$3*C16 + $L$4*D16 + $L$5*E16 -> 11.879225 | G16: =B16 - F16 -> 0.040775274 | H16: =ABS(G16) -> 0.040775274 | I16: =POWER(G16, 2) -> 0.001662623 | K16: Training Adj R2 | L16: =1 - ((1 - L15)*(L8 - 1)/(L8 - L9 - 1)) -> 0.2318888
A17: 42399 | B17: 11.94 | C17: 11.92 | D17: 11.91 | E17: 0 | F17: =$L$2 + $L$3*C17 + $L$4*D17 + $L$5*E17 -> 11.869295 | G17: =B17 - F17 -> 0.070704627 | H17: =ABS(G17) -> 0.070704627 | I17: =POWER(G17, 2) -> 0.0049991443
A18: 42400 | B18: 11.95 | C18: 11.94 | D18: 11.92 | E18: 0 | F18: =$L$2 + $L$3*C18 + $L$4*D18 + $L$5*E18 -> 11.878001 | G18: =B18 - F18 -> 0.071998543 | H18: =ABS(G18) -> 0.071998543 | I18: =POWER(G18, 2) -> 0.0051837901
A19: 42401 | B19: 11.92 | C19: 11.95 | D19: 11.92 | E19: 0 | F19: =$L$2 + $L$3*C19 + $L$4*D19 + $L$5*E19 -> 11.881113 | G19: =B19 - F19 -> 0.038886669 | H19: =ABS(G19) -> 0.038886669 | I19: =POWER(G19, 2) -> 0.0015121731
A20: 42402 | B20: 11.91 | C20: 11.92 | D20: 11.94 | E20: 0 | F20: =$L$2 + $L$3*C20 + $L$4*D20 + $L$5*E20 -> 11.876742 | G20: =B20 - F20 -> 0.033257613 | H20: =ABS(G20) -> 0.033257613 | I20: =POWER(G20, 2) -> 0.0011060688
A21: 42403 | B21: 11.91 | C21: 11.91 | D21: 11.95 | E21: 0 | F21: =$L$2 + $L$3*C21 + $L$4*D21 + $L$5*E21 -> 11.876113 | G21: =B21 - F21 -> 0.033887148 | H21: =ABS(G21) -> 0.033887148 | I21: =POWER(G21, 2) -> 0.0011483388
A22: 42404 | B22: 11.92 | C22: 11.91 | D22: 11.92 | E22: 0 | F22: =$L$2 + $L$3*C22 + $L$4*D22 + $L$5*E22 -> 11.868666 | G22: =B22 - F22 -> 0.051334162 | H22: =ABS(G22) -> 0.051334162 | I22: =POWER(G22, 2) -> 0.0026351962
A23: 42405 | B23: 11.92 | C23: 11.92 | D23: 11.91 | E23: 2 | F23: =$L$2 + $L$3*C23 + $L$4*D23 + $L$5*E23 -> 11.899889 | G23: =B23 - F23 -> 0.020110734 | H23: =ABS(G23) -> 0.020110734 | I23: =POWER(G23, 2) -> 0.00040444163
A24: 42406 | B24: 11.96 | C24: 11.92 | D24: 11.91 | E24: 0 | F24: =$L$2 + $L$3*C24 + $L$4*D24 + $L$5*E24 -> 11.869295 | G24: =B24 - F24 -> 0.090704627 | H24: =ABS(G24) -> 0.090704627 | I24: =POWER(G24, 2) -> 0.0082273294
A25: 42407 | B25: 11.96 | C25: 11.96 | D25: 11.92 | E25: 1 | F25: =$L$2 + $L$3*C25 + $L$4*D25 + $L$5*E25 -> 11.899522 | G25: =B25 - F25 -> 0.06047785 | H25: =ABS(G25) -> 0.06047785 | I25: =POWER(G25, 2) -> 0.0036575703
A26: 42408 | B26: 11.93 | C26: 11.96 | D26: 11.92 | E26: 0 | F26: =$L$2 + $L$3*C26 + $L$4*D26 + $L$5*E26 -> 11.884225 | G26: =B26 - F26 -> 0.045774796 | H26: =ABS(G26) -> 0.045774796 | I26: =POWER(G26, 2) -> 0.002095332
A27: 42409 | B27: 11.92 | C27: 11.93 | D27: 11.96 | E27: 0 | F27: =$L$2 + $L$3*C27 + $L$4*D27 + $L$5*E27 -> 11.884819 | G27: =B27 - F27 -> 0.035181063 | H27: =ABS(G27) -> 0.035181063 | I27: =POWER(G27, 2) -> 0.0012377072
A28: 42410 | B28: 11.91 | C28: 11.92 | D28: 11.96 | E28: 0 | F28: =$L$2 + $L$3*C28 + $L$4*D28 + $L$5*E28 -> 11.881707 | G28: =B28 - F28 -> 0.028292936 | H28: =ABS(G28) -> 0.028292936 | I28: =POWER(G28, 2) -> 0.00080049024
... A2111: 44707 | B2111: 11.96 | C2111: 11.56 | D2111: 12.46 | E2111: 0 | F2111: =$L$2 + $L$3*C2111 + $L$4*D2111 + $L$5*E2111 -> 11.893797 | G2111: =B2111 - F2111 -> 0.06620346 | H2111: =ABS(G2111) -> 0.06620346 | I2111: =POWER(G2111, 2) -> 0.0043828981

Sheet Train_Cand_11
A1: Date | B1: Actual_Y | C1: Sto_Nino_DailyMaxWL_t_1 | D1: Sto_Nino_DailyMaxWL_t_3 | E1: Mt_Campana_Rain_t_1 | F1: Pred_Y_Formula | G1: Residual_Formula | H1: Abs_Error_Formula | I1: Sq_Error_Formula | K1: COEFFICIENT | L1: EXCEL LINEST FORMULA
A2: 42381 | B2: 12.14 | C2: 12.06 | D2: 12.08 | E2: 0 | F2: =$L$2 + $L$3*C2 + $L$4*D2 + $L$5*E2 -> 12.11241 | G2: =B2 - F2 -> 0.027590491 | H2: =ABS(G2) -> 0.027590491 | I2: =POWER(G2, 2) -> 0.00076123517 | K2: Intercept (beta_0) | L2: =INDEX(LINEST(B2:B1806, C2:E1806, TRUE, FALSE), 1, 4) -> 3.6762724
A3: 42382 | B3: 12.12 | C3: 12.14 | D3: 12.07 | E3: 0 | F3: =$L$2 + $L$3*C3 + $L$4*D3 + $L$5*E3 -> 12.160829 | G3: =B3 - F3 -> -0.040828909 | H3: =ABS(G3) -> 0.040828909 | I3: =POWER(G3, 2) -> 0.0016669998 | K3: Sto_Nino_DailyMaxWL_t_1 (beta_1) | L3: =INDEX(LINEST(B2:B1806, C2:E1806, TRUE, FALSE), 1, 3) -> 0.61570167
A4: 42383 | B4: 12.03 | C4: 12.12 | D4: 12.06 | E4: 0 | F4: =$L$2 + $L$3*C4 + $L$4*D4 + $L$5*E4 -> 12.147678 | G4: =B4 - F4 -> -0.11767814 | H4: =ABS(G4) -> 0.11767814 | I4: =POWER(G4, 2) -> 0.013848145 | K4: Sto_Nino_DailyMaxWL_t_3 (beta_2) | L4: =INDEX(LINEST(B2:B1806, C2:E1806, TRUE, FALSE), 1, 2) -> 0.083673429
A5: 42384 | B5: 12.01 | C5: 12.03 | D5: 12.14 | E5: 0 | F5: =$L$2 + $L$3*C5 + $L$4*D5 + $L$5*E5 -> 12.098959 | G5: =B5 - F5 -> -0.088958865 | H5: =ABS(G5) -> 0.088958865 | I5: =POWER(G5, 2) -> 0.0079136797 | K5: Mt_Campana_Rain_t_1 (beta_3) | L5: =INDEX(LINEST(B2:B1806, C2:E1806, TRUE, FALSE), 1, 1) -> 0.0090968674
A6: 42385 | B6: 12 | C6: 12.01 | D6: 12.12 | E6: 0 | F6: =$L$2 + $L$3*C6 + $L$4*D6 + $L$5*E6 -> 12.084971 | G6: =B6 - F6 -> -0.084971363 | H6: =ABS(G6) -> 0.084971363 | I6: =POWER(G6, 2) -> 0.0072201326
A7: 42386 | B7: 12 | C7: 12 | D7: 12.03 | E7: 0 | F7: =$L$2 + $L$3*C7 + $L$4*D7 + $L$5*E7 -> 12.071284 | G7: =B7 - F7 -> -0.071283738 | H7: =ABS(G7) -> 0.071283738 | I7: =POWER(G7, 2) -> 0.0050813713 | K7: TRAINING METRIC | L7: EXCEL FORMULA VALUE
A8: 42387 | B8: 11.99 | C8: 12 | D8: 12.01 | E8: 0 | F8: =$L$2 + $L$3*C8 + $L$4*D8 + $L$5*E8 -> 12.06961 | G8: =B8 - F8 -> -0.079610269 | H8: =ABS(G8) -> 0.079610269 | I8: =POWER(G8, 2) -> 0.006337795 | K8: Training N | L8: =COUNT(B2:B1806) -> 1805
A9: 42388 | B9: 11.98 | C9: 11.99 | D9: 12 | E9: 0 | F9: =$L$2 + $L$3*C9 + $L$4*D9 + $L$5*E9 -> 12.062617 | G9: =B9 - F9 -> -0.082616518 | H9: =ABS(G9) -> 0.082616518 | I9: =POWER(G9, 2) -> 0.0068254891 | K9: Predictors (K) | L9: 3
A10: 42389 | B10: 11.97 | C10: 11.98 | D10: 12 | E10: 0 | F10: =$L$2 + $L$3*C10 + $L$4*D10 + $L$5*E10 -> 12.05646 | G10: =B10 - F10 -> -0.086459502 | H10: =ABS(G10) -> 0.086459502 | I10: =POWER(G10, 2) -> 0.0074752454 | K10: SSE | L10: =SUM(I2:I1806) -> 1016.5512
A11: 42392 | B11: 11.95 | C11: 11.96 | D11: 11.97 | E11: 0 | F11: =$L$2 + $L$3*C11 + $L$4*D11 + $L$5*E11 -> 12.041635 | G11: =B11 - F11 -> -0.091635265 | H11: =ABS(G11) -> 0.091635265 | I11: =POWER(G11, 2) -> 0.0083970219 | K11: SST | L11: =DEVSQ(B2:B1806) -> 1999.1896
A12: 42394 | B12: 11.95 | C12: 11.95 | D12: 11.96 | E12: 0 | F12: =$L$2 + $L$3*C12 + $L$4*D12 + $L$5*E12 -> 12.034642 | G12: =B12 - F12 -> -0.084641514 | H12: =ABS(G12) -> 0.084641514 | I12: =POWER(G12, 2) -> 0.007164186 | K12: MSE | L12: =L10/(L8 - L9 - 1) -> 0.56443711
A13: 42395 | B13: 11.95 | C13: 11.95 | D13: 11.95 | E13: 0 | F13: =$L$2 + $L$3*C13 + $L$4*D13 + $L$5*E13 -> 12.033805 | G13: =B13 - F13 -> -0.08380478 | H13: =ABS(G13) -> 0.08380478 | I13: =POWER(G13, 2) -> 0.0070232412 | K13: RMSE (m) | L13: =SQRT(L12) -> 0.7512903
A14: 42396 | B14: 11.91 | C14: 11.95 | D14: 11.95 | E14: 1 | F14: =$L$2 + $L$3*C14 + $L$4*D14 + $L$5*E14 -> 12.042902 | G14: =B14 - F14 -> -0.13290165 | H14: =ABS(G14) -> 0.13290165 | I14: =POWER(G14, 2) -> 0.017662848 | K14: MAE (m) | L14: =AVERAGE(H2:H1806) -> 0.27669889
A15: 42397 | B15: 11.92 | C15: 11.91 | D15: 11.95 | E15: 0 | F15: =$L$2 + $L$3*C15 + $L$4*D15 + $L$5*E15 -> 12.009177 | G15: =B15 - F15 -> -0.089176713 | H15: =ABS(G15) -> 0.089176713 | I15: =POWER(G15, 2) -> 0.0079524862 | K15: Training R2 | L15: =1 - (L10 / L11) -> 0.49151834
A16: 42398 | B16: 11.92 | C16: 11.92 | D16: 11.95 | E16: 0 | F16: =$L$2 + $L$3*C16 + $L$4*D16 + $L$5*E16 -> 12.015334 | G16: =B16 - F16 -> -0.09533373 | H16: =ABS(G16) -> 0.09533373 | I16: =POWER(G16, 2) -> 0.0090885201 | K16: Training Adj R2 | L16: =1 - ((1 - L15)*(L8 - 1)/(L8 - L9 - 1)) -> 0.49067134
A17: 42399 | B17: 11.94 | C17: 11.92 | D17: 11.91 | E17: 0 | F17: =$L$2 + $L$3*C17 + $L$4*D17 + $L$5*E17 -> 12.011987 | G17: =B17 - F17 -> -0.071986793 | H17: =ABS(G17) -> 0.071986793 | I17: =POWER(G17, 2) -> 0.0051820984
A18: 42400 | B18: 11.95 | C18: 11.94 | D18: 11.92 | E18: 0 | F18: =$L$2 + $L$3*C18 + $L$4*D18 + $L$5*E18 -> 12.025138 | G18: =B18 - F18 -> -0.075137561 | H18: =ABS(G18) -> 0.075137561 | I18: =POWER(G18, 2) -> 0.005645653
A19: 42401 | B19: 11.92 | C19: 11.95 | D19: 11.92 | E19: 0 | F19: =$L$2 + $L$3*C19 + $L$4*D19 + $L$5*E19 -> 12.031295 | G19: =B19 - F19 -> -0.11129458 | H19: =ABS(G19) -> 0.11129458 | I19: =POWER(G19, 2) -> 0.012386483
A20: 42402 | B20: 11.91 | C20: 11.92 | D20: 11.94 | E20: 0 | F20: =$L$2 + $L$3*C20 + $L$4*D20 + $L$5*E20 -> 12.014497 | G20: =B20 - F20 -> -0.104497 | H20: =ABS(G20) -> 0.104497 | I20: =POWER(G20, 2) -> 0.010919622
A21: 42403 | B21: 11.91 | C21: 11.91 | D21: 11.95 | E21: 0 | F21: =$L$2 + $L$3*C21 + $L$4*D21 + $L$5*E21 -> 12.009177 | G21: =B21 - F21 -> -0.099176713 | H21: =ABS(G21) -> 0.099176713 | I21: =POWER(G21, 2) -> 0.0098360205
A22: 42404 | B22: 11.92 | C22: 11.91 | D22: 11.92 | E22: 0 | F22: =$L$2 + $L$3*C22 + $L$4*D22 + $L$5*E22 -> 12.006667 | G22: =B22 - F22 -> -0.086666511 | H22: =ABS(G22) -> 0.086666511 | I22: =POWER(G22, 2) -> 0.0075110841
A23: 42405 | B23: 11.92 | C23: 11.92 | D23: 11.91 | E23: 0 | F23: =$L$2 + $L$3*C23 + $L$4*D23 + $L$5*E23 -> 12.011987 | G23: =B23 - F23 -> -0.091986793 | H23: =ABS(G23) -> 0.091986793 | I23: =POWER(G23, 2) -> 0.0084615701
A24: 42406 | B24: 11.96 | C24: 11.92 | D24: 11.91 | E24: 1 | F24: =$L$2 + $L$3*C24 + $L$4*D24 + $L$5*E24 -> 12.021084 | G24: =B24 - F24 -> -0.06108366 | H24: =ABS(G24) -> 0.06108366 | I24: =POWER(G24, 2) -> 0.0037312136
A25: 42407 | B25: 11.96 | C25: 11.96 | D25: 11.92 | E25: 2 | F25: =$L$2 + $L$3*C25 + $L$4*D25 + $L$5*E25 -> 12.055645 | G25: =B25 - F25 -> -0.095645329 | H25: =ABS(G25) -> 0.095645329 | I25: =POWER(G25, 2) -> 0.0091480289
A26: 42408 | B26: 11.93 | C26: 11.96 | D26: 11.92 | E26: 0 | F26: =$L$2 + $L$3*C26 + $L$4*D26 + $L$5*E26 -> 12.037452 | G26: =B26 - F26 -> -0.10745159 | H26: =ABS(G26) -> 0.10745159 | I26: =POWER(G26, 2) -> 0.011545845
A27: 42409 | B27: 11.92 | C27: 11.93 | D27: 11.96 | E27: 0 | F27: =$L$2 + $L$3*C27 + $L$4*D27 + $L$5*E27 -> 12.022327 | G27: =B27 - F27 -> -0.10232748 | H27: =ABS(G27) -> 0.10232748 | I27: =POWER(G27, 2) -> 0.010470913
A28: 42410 | B28: 11.91 | C28: 11.92 | D28: 11.96 | E28: 0 | F28: =$L$2 + $L$3*C28 + $L$4*D28 + $L$5*E28 -> 12.01617 | G28: =B28 - F28 -> -0.10617046 | H28: =ABS(G28) -> 0.10617046 | I28: =POWER(G28, 2) -> 0.011272168
... A1806: 44707 | B1806: 11.96 | C1806: 11.56 | D1806: 12.46 | E1806: 0 | F1806: =$L$2 + $L$3*C1806 + $L$4*D1806 + $L$5*E1806 -> 11.836355 | G1806: =B1806 - F1806 -> 0.12364542 | H1806: =ABS(G1806) -> 0.12364542 | I1806: =POWER(G1806, 2) -> 0.01528819

Sheet Train_Cand_15
A1: Date | B1: Actual_Y | C1: Sto_Nino_DailyMaxWL_t_1 | D1: Sto_Nino_DailyMaxWL_t_3 | E1: Mt_Oro_Rain_t_1 | F1: Mt_Campana_Rain_t_1 | G1: Pred_Y_Formula | H1: Residual_Formula | I1: Abs_Error_Formula | J1: Sq_Error_Formula | L1: COEFFICIENT | M1: EXCEL LINEST FORMULA
A2: 42381 | B2: 12.14 | C2: 12.06 | D2: 12.08 | E2: 0 | F2: 0 | G2: =$M$2 + $M$3*C2 + $M$4*D2 + $M$5*E2 + $M$6*F2 -> 12.104438 | H2: =B2 - G2 -> 0.035562111 | I2: =ABS(H2) -> 0.035562111 | J2: =POWER(H2, 2) -> 0.0012646637 | L2: Intercept (beta_0) | M2: =INDEX(LINEST(B2:B1771, C2:F1771, TRUE, FALSE), 1, 5) -> 3.8399076
A3: 42382 | B3: 12.12 | C3: 12.14 | D3: 12.07 | E3: 0 | F3: 0 | G3: =$M$2 + $M$3*C3 + $M$4*D3 + $M$5*E3 + $M$6*F3 -> 12.151828 | H3: =B3 - G3 -> -0.031828162 | I3: =ABS(H3) -> 0.031828162 | J3: =POWER(H3, 2) -> 0.0010130319 | L3: Sto_Nino_DailyMaxWL_t_1 (beta_1) | M3: =INDEX(LINEST(B2:B1771, C2:F1771, TRUE, FALSE), 1, 4) -> 0.6026861
A4: 42383 | B4: 12.03 | C4: 12.12 | D4: 12.06 | E4: 0 | F4: 0 | G4: =$M$2 + $M$3*C4 + $M$4*D4 + $M$5*E4 + $M$6*F4 -> 12.13895 | H4: =B4 - G4 -> -0.10894982 | I4: =ABS(H4) -> 0.10894982 | J4: =POWER(H4, 2) -> 0.011870064 | L4: Sto_Nino_DailyMaxWL_t_3 (beta_2) | M4: =INDEX(LINEST(B2:B1771, C2:F1771, TRUE, FALSE), 1, 3) -> 0.082461583
A5: 42384 | B5: 12.01 | C5: 12.03 | D5: 12.14 | E5: 0 | F5: 0 | G5: =$M$2 + $M$3*C5 + $M$4*D5 + $M$5*E5 + $M$6*F5 -> 12.091305 | H5: =B5 - G5 -> -0.081305001 | I5: =ABS(H5) -> 0.081305001 | J5: =POWER(H5, 2) -> 0.0066105032 | L5: Mt_Oro_Rain_t_1 (beta_3) | M5: =INDEX(LINEST(B2:B1771, C2:F1771, TRUE, FALSE), 1, 2) -> 0.0032509556
A6: 42385 | B6: 12 | C6: 12.01 | D6: 12.12 | E6: 0 | F6: 0 | G6: =$M$2 + $M$3*C6 + $M$4*D6 + $M$5*E6 + $M$6*F6 -> 12.077602 | H6: =B6 - G6 -> -0.077602047 | I6: =ABS(H6) -> 0.077602047 | J6: =POWER(H6, 2) -> 0.0060220777 | L6: Mt_Campana_Rain_t_1 (beta_4) | M6: =INDEX(LINEST(B2:B1771, C2:F1771, TRUE, FALSE), 1, 1) -> 0.0072971849
A7: 42386 | B7: 12 | C7: 12 | D7: 12.03 | E7: 0 | F7: 0 | G7: =$M$2 + $M$3*C7 + $M$4*D7 + $M$5*E7 + $M$6*F7 -> 12.064154 | H7: =B7 - G7 -> -0.064153644 | I7: =ABS(H7) -> 0.064153644 | J7: =POWER(H7, 2) -> 0.00411569
A8: 42387 | B8: 11.99 | C8: 12 | D8: 12.01 | E8: 0 | F8: 0 | G8: =$M$2 + $M$3*C8 + $M$4*D8 + $M$5*E8 + $M$6*F8 -> 12.062504 | H8: =B8 - G8 -> -0.072504412 | I8: =ABS(H8) -> 0.072504412 | J8: =POWER(H8, 2) -> 0.0052568898 | L8: TRAINING METRIC | M8: EXCEL FORMULA VALUE
A9: 42388 | B9: 11.98 | C9: 11.99 | D9: 12 | E9: 0 | F9: 0 | G9: =$M$2 + $M$3*C9 + $M$4*D9 + $M$5*E9 + $M$6*F9 -> 12.055653 | H9: =B9 - G9 -> -0.075652935 | I9: =ABS(H9) -> 0.075652935 | J9: =POWER(H9, 2) -> 0.0057233666 | L9: Training N | M9: =COUNT(B2:B1771) -> 1770
A10: 42389 | B10: 11.97 | C10: 11.98 | D10: 12 | E10: 0 | F10: 0 | G10: =$M$2 + $M$3*C10 + $M$4*D10 + $M$5*E10 + $M$6*F10 -> 12.049626 | H10: =B10 - G10 -> -0.079626074 | I10: =ABS(H10) -> 0.079626074 | J10: =POWER(H10, 2) -> 0.0063403117 | L10: Predictors (K) | M10: 4
A11: 42392 | B11: 11.95 | C11: 11.96 | D11: 11.97 | E11: 0 | F11: 0 | G11: =$M$2 + $M$3*C11 + $M$4*D11 + $M$5*E11 + $M$6*F11 -> 12.035099 | H11: =B11 - G11 -> -0.085098505 | I11: =ABS(H11) -> 0.085098505 | J11: =POWER(H11, 2) -> 0.0072417555 | L11: SSE | M11: =SUM(J2:J1771) -> 989.61074
A12: 42394 | B12: 11.95 | C12: 11.95 | D12: 11.96 | E12: 0 | F12: 0 | G12: =$M$2 + $M$3*C12 + $M$4*D12 + $M$5*E12 + $M$6*F12 -> 12.028247 | H12: =B12 - G12 -> -0.078247028 | I12: =ABS(H12) -> 0.078247028 | J12: =POWER(H12, 2) -> 0.0061225974 | L12: SST | M12: =DEVSQ(B2:B1771) -> 1955.378
A13: 42395 | B13: 11.95 | C13: 11.95 | D13: 11.95 | E13: 0 | F13: 0 | G13: =$M$2 + $M$3*C13 + $M$4*D13 + $M$5*E13 + $M$6*F13 -> 12.027422 | H13: =B13 - G13 -> -0.077422412 | I13: =ABS(H13) -> 0.077422412 | J13: =POWER(H13, 2) -> 0.0059942299 | L13: MSE | M13: =M11/(M9 - M10 - 1) -> 0.56068597
A14: 42396 | B14: 11.91 | C14: 11.95 | D14: 11.95 | E14: 0 | F14: 1 | G14: =$M$2 + $M$3*C14 + $M$4*D14 + $M$5*E14 + $M$6*F14 -> 12.03472 | H14: =B14 - G14 -> -0.1247196 | I14: =ABS(H14) -> 0.1247196 | J14: =POWER(H14, 2) -> 0.015554978 | L14: RMSE (m) | M14: =SQRT(M13) -> 0.74878967
A15: 42397 | B15: 11.92 | C15: 11.91 | D15: 11.95 | E15: 0 | F15: 0 | G15: =$M$2 + $M$3*C15 + $M$4*D15 + $M$5*E15 + $M$6*F15 -> 12.003315 | H15: =B15 - G15 -> -0.083314968 | I15: =ABS(H15) -> 0.083314968 | J15: =POWER(H15, 2) -> 0.0069413839 | L15: MAE (m) | M15: =AVERAGE(I2:I1771) -> 0.27280371
A16: 42398 | B16: 11.92 | C16: 11.92 | D16: 11.95 | E16: 0 | F16: 0 | G16: =$M$2 + $M$3*C16 + $M$4*D16 + $M$5*E16 + $M$6*F16 -> 12.009342 | H16: =B16 - G16 -> -0.089341829 | I16: =ABS(H16) -> 0.089341829 | J16: =POWER(H16, 2) -> 0.0079819624 | L16: Training R2 | M16: =1 - (M11 / M12) -> 0.4939031
A17: 42399 | B17: 11.94 | C17: 11.92 | D17: 11.91 | E17: 0 | F17: 0 | G17: =$M$2 + $M$3*C17 + $M$4*D17 + $M$5*E17 + $M$6*F17 -> 12.006043 | H17: =B17 - G17 -> -0.066043366 | I17: =ABS(H17) -> 0.066043366 | J17: =POWER(H17, 2) -> 0.0043617262 | L17: Training Adj R2 | M17: =1 - ((1 - M16)*(M9 - 1)/(M9 - M10 - 1)) -> 0.49275614
A18: 42400 | B18: 11.95 | C18: 11.94 | D18: 11.92 | E18: 0 | F18: 0 | G18: =$M$2 + $M$3*C18 + $M$4*D18 + $M$5*E18 + $M$6*F18 -> 12.018922 | H18: =B18 - G18 -> -0.068921704 | I18: =ABS(H18) -> 0.068921704 | J18: =POWER(H18, 2) -> 0.0047502012
A19: 42401 | B19: 11.92 | C19: 11.95 | D19: 11.92 | E19: 0 | F19: 0 | G19: =$M$2 + $M$3*C19 + $M$4*D19 + $M$5*E19 + $M$6*F19 -> 12.024949 | H19: =B19 - G19 -> -0.10494856 | I19: =ABS(H19) -> 0.10494856 | J19: =POWER(H19, 2) -> 0.011014201
A20: 42402 | B20: 11.91 | C20: 11.92 | D20: 11.94 | E20: 0 | F20: 0 | G20: =$M$2 + $M$3*C20 + $M$4*D20 + $M$5*E20 + $M$6*F20 -> 12.008517 | H20: =B20 - G20 -> -0.098517213 | I20: =ABS(H20) -> 0.098517213 | J20: =POWER(H20, 2) -> 0.0097056413
A21: 42403 | B21: 11.91 | C21: 11.91 | D21: 11.95 | E21: 0 | F21: 0 | G21: =$M$2 + $M$3*C21 + $M$4*D21 + $M$5*E21 + $M$6*F21 -> 12.003315 | H21: =B21 - G21 -> -0.093314968 | I21: =ABS(H21) -> 0.093314968 | J21: =POWER(H21, 2) -> 0.0087076833
A22: 42404 | B22: 11.92 | C22: 11.91 | D22: 11.92 | E22: 0 | F22: 0 | G22: =$M$2 + $M$3*C22 + $M$4*D22 + $M$5*E22 + $M$6*F22 -> 12.000841 | H22: =B22 - G22 -> -0.080841121 | I22: =ABS(H22) -> 0.080841121 | J22: =POWER(H22, 2) -> 0.0065352868
A23: 42405 | B23: 11.92 | C23: 11.92 | D23: 11.91 | E23: 2 | F23: 0 | G23: =$M$2 + $M$3*C23 + $M$4*D23 + $M$5*E23 + $M$6*F23 -> 12.012545 | H23: =B23 - G23 -> -0.092545277 | I23: =ABS(H23) -> 0.092545277 | J23: =POWER(H23, 2) -> 0.0085646283
A24: 42406 | B24: 11.96 | C24: 11.92 | D24: 11.91 | E24: 0 | F24: 1 | G24: =$M$2 + $M$3*C24 + $M$4*D24 + $M$5*E24 + $M$6*F24 -> 12.013341 | H24: =B24 - G24 -> -0.053340551 | I24: =ABS(H24) -> 0.053340551 | J24: =POWER(H24, 2) -> 0.0028452143
A25: 42407 | B25: 11.96 | C25: 11.96 | D25: 11.92 | E25: 1 | F25: 2 | G25: =$M$2 + $M$3*C25 + $M$4*D25 + $M$5*E25 + $M$6*F25 -> 12.048821 | H25: =B25 - G25 -> -0.088820751 | I25: =ABS(H25) -> 0.088820751 | J25: =POWER(H25, 2) -> 0.0078891258
A26: 42408 | B26: 11.93 | C26: 11.96 | D26: 11.92 | E26: 0 | F26: 0 | G26: =$M$2 + $M$3*C26 + $M$4*D26 + $M$5*E26 + $M$6*F26 -> 12.030975 | H26: =B26 - G26 -> -0.10097543 | I26: =ABS(H26) -> 0.10097543 | J26: =POWER(H26, 2) -> 0.010196037
A27: 42409 | B27: 11.92 | C27: 11.93 | D27: 11.96 | E27: 0 | F27: 0 | G27: =$M$2 + $M$3*C27 + $M$4*D27 + $M$5*E27 + $M$6*F27 -> 12.016193 | H27: =B27 - G27 -> -0.096193306 | I27: =ABS(H27) -> 0.096193306 | J27: =POWER(H27, 2) -> 0.0092531521
A28: 42410 | B28: 11.91 | C28: 11.92 | D28: 11.96 | E28: 0 | F28: 0 | G28: =$M$2 + $M$3*C28 + $M$4*D28 + $M$5*E28 + $M$6*F28 -> 12.010166 | H28: =B28 - G28 -> -0.10016644 | I28: =ABS(H28) -> 0.10016644 | J28: =POWER(H28, 2) -> 0.010033317
A29: 42411 | B29: 11.91 | C29: 11.91 | D29: 11.93 | E29: 0 | F29: 0 | G29: =$M$2 + $M$3*C29 + $M$4*D29 + $M$5*E29 + $M$6*F29 -> 12.001666 | H29: =B29 - G29 -> -0.091665736 | I29: =ABS(H29) -> 0.091665736 | J29: =POWER(H29, 2) -> 0.0084026072
... A1771: 44707 | B1771: 11.96 | C1771: 11.56 | D1771: 12.46 | E1771: 0 | F1771: 0 | G1771: =$M$2 + $M$3*C1771 + $M$4*D1771 + $M$5*E1771 + $M$6*F1771 -> 11.83443 | H1771: =B1771 - G1771 -> 0.12556976 | I1771: =ABS(H1771) -> 0.12556976 | J1771: =POWER(H1771, 2) -> 0.015767765

Sheet Val_Cand_01_Baseline_AR1
A1: Date | B1: Actual_Y | C1: Sto_Nino_DailyMaxWL_t_1 | D1: Pred_Y_Formula | E1: Residual_Formula | F1: Abs_Error_Formula | G1: Sq_Error_Formula | I1: PARAMETER | J1: TRAINED VALUE
A2: 44708 | B2: 11.93 | C2: 11.96 | D2: =$J$2 + $J$3*C2 -> 12.022266 | E2: =B2 - D2 -> -0.092265731 | F2: =ABS(E2) -> 0.092265731 | G2: =POWER(E2, 2) -> 0.0085129651 | I2: beta_0 (Intercept) | J2: 6.9994291
A3: 44709 | B3: 11.92 | C3: 11.93 | D3: =$J$2 + $J$3*C3 -> 12.009667 | E3: =B3 - D3 -> -0.089666642 | F3: =ABS(E3) -> 0.089666642 | G3: =POWER(E3, 2) -> 0.0080401067 | I3: beta_1 (Sto_Nino_DailyMaxWL_t_1) | J3: 0.41996962
A4: 44710 | B4: 11.91 | C4: 11.92 | D4: =$J$2 + $J$3*C4 -> 12.005467 | E4: =B4 - D4 -> -0.095466946 | F4: =ABS(E4) -> 0.095466946 | G4: =POWER(E4, 2) -> 0.0091139378
A5: 44711 | B5: 11.9 | C5: 11.91 | D5: =$J$2 + $J$3*C5 -> 12.001267 | E5: =B5 - D5 -> -0.10126725 | F5: =ABS(E5) -> 0.10126725 | G5: =POWER(E5, 2) -> 0.010255056 | I5: VALIDATION METRIC | J5: EXCEL FORMULA VALUE
A6: 44712 | B6: 12.37 | C6: 11.9 | D6: =$J$2 + $J$3*C6 -> 11.997068 | E6: =B6 - D6 -> 0.37293245 | F6: =ABS(E6) -> 0.37293245 | G6: =POWER(E6, 2) -> 0.13907861 | I6: Validation N | J6: =COUNT(B2:B511) -> 510
A7: 44713 | B7: 11.45 | C7: 12.37 | D7: =$J$2 + $J$3*C7 -> 12.194453 | E7: =B7 - D7 -> -0.74445328 | F7: =ABS(E7) -> 0.74445328 | G7: =POWER(E7, 2) -> 0.55421068 | I7: Validation MAE (m) | J7: =AVERAGE(F2:F511) -> 0.3394953
A8: 44714 | B8: 11.46 | C8: 11.45 | D8: =$J$2 + $J$3*C8 -> 11.808081 | E8: =B8 - D8 -> -0.34808122 | F8: =ABS(E8) -> 0.34808122 | G8: =POWER(E8, 2) -> 0.12116054 | I8: Validation RMSE (m) | J8: =SQRT(AVERAGE(G2:G511)) -> 0.68043237
A9: 44715 | B9: 11.43 | C9: 11.46 | D9: =$J$2 + $J$3*C9 -> 11.812281 | E9: =B9 - D9 -> -0.38228092 | F9: =ABS(E9) -> 0.38228092 | G9: =POWER(E9, 2) -> 0.1461387 | I9: Validation Bias (m) | J9: =AVERAGE(E2:E511) -> 0.2055085
A10: 44716 | B10: 11.44 | C10: 11.43 | D10: =$J$2 + $J$3*C10 -> 11.799682 | E10: =B10 - D10 -> -0.35968183 | F10: =ABS(E10) -> 0.35968183 | G10: =POWER(E10, 2) -> 0.12937102 | I10: Validation SSE | J10: =SUM(G2:G511) -> 236.12399
A11: 44717 | B11: 11.45 | C11: 11.44 | D11: =$J$2 + $J$3*C11 -> 11.803882 | E11: =B11 - D11 -> -0.35388153 | F11: =ABS(E11) -> 0.35388153 | G11: =POWER(E11, 2) -> 0.12523214 | I11: Validation SST | J11: =DEVSQ(B2:B511) -> 389.69467
A12: 44718 | B12: 11.41 | C12: 11.45 | D12: =$J$2 + $J$3*C12 -> 11.808081 | E12: =B12 - D12 -> -0.39808122 | F12: =ABS(E12) -> 0.39808122 | G12: =POWER(E12, 2) -> 0.15846866 | I12: Validation R2 | J12: =1 - (J10 / J11) -> 0.39407951
A13: 44719 | B13: 11.4 | C13: 11.41 | D13: =$J$2 + $J$3*C13 -> 11.791282 | E13: =B13 - D13 -> -0.39128244 | F13: =ABS(E13) -> 0.39128244 | G13: =POWER(E13, 2) -> 0.15310195
A14: 44720 | B14: 11.52 | C14: 11.4 | D14: =$J$2 + $J$3*C14 -> 11.787083 | E14: =B14 - D14 -> -0.26708274 | F14: =ABS(E14) -> 0.26708274 | G14: =POWER(E14, 2) -> 0.071333192
A15: 44721 | B15: 11.35 | C15: 11.52 | D15: =$J$2 + $J$3*C15 -> 11.837479 | E15: =B15 - D15 -> -0.4874791 | F15: =ABS(E15) -> 0.4874791 | G15: =POWER(E15, 2) -> 0.23763587
A16: 44722 | B16: 11.31 | C16: 11.35 | D16: =$J$2 + $J$3*C16 -> 11.766084 | E16: =B16 - D16 -> -0.45608426 | F16: =ABS(E16) -> 0.45608426 | G16: =POWER(E16, 2) -> 0.20801285
A17: 44723 | B17: 11.37 | C17: 11.31 | D17: =$J$2 + $J$3*C17 -> 11.749285 | E17: =B17 - D17 -> -0.37928548 | F17: =ABS(E17) -> 0.37928548 | G17: =POWER(E17, 2) -> 0.14385747
A18: 44724 | B18: 11.46 | C18: 11.37 | D18: =$J$2 + $J$3*C18 -> 11.774484 | E18: =B18 - D18 -> -0.31448365 | F18: =ABS(E18) -> 0.31448365 | G18: =POWER(E18, 2) -> 0.098899969
A19: 44725 | B19: 11.68 | C19: 11.46 | D19: =$J$2 + $J$3*C19 -> 11.812281 | E19: =B19 - D19 -> -0.13228092 | F19: =ABS(E19) -> 0.13228092 | G19: =POWER(E19, 2) -> 0.017498242
A20: 44726 | B20: 11.57 | C20: 11.68 | D20: =$J$2 + $J$3*C20 -> 11.904674 | E20: =B20 - D20 -> -0.33467424 | F20: =ABS(E20) -> 0.33467424 | G20: =POWER(E20, 2) -> 0.11200684
A21: 44727 | B21: 11.89 | C21: 11.57 | D21: =$J$2 + $J$3*C21 -> 11.858478 | E21: =B21 - D21 -> 0.031522421 | F21: =ABS(E21) -> 0.031522421 | G21: =POWER(E21, 2) -> 0.00099366305
A22: 44728 | B22: 11.61 | C22: 11.89 | D22: =$J$2 + $J$3*C22 -> 11.992868 | E22: =B22 - D22 -> -0.38286786 | F22: =ABS(E22) -> 0.38286786 | G22: =POWER(E22, 2) -> 0.1465878
A23: 44729 | B23: 11.52 | C23: 11.61 | D23: =$J$2 + $J$3*C23 -> 11.875276 | E23: =B23 - D23 -> -0.35527636 | F23: =ABS(E23) -> 0.35527636 | G23: =POWER(E23, 2) -> 0.12622129
A24: 44730 | B24: 11.51 | C24: 11.52 | D24: =$J$2 + $J$3*C24 -> 11.837479 | E24: =B24 - D24 -> -0.3274791 | F24: =ABS(E24) -> 0.3274791 | G24: =POWER(E24, 2) -> 0.10724256
... A511: 45290 | B511: 12.06 | C511: 12.06 | D511: =$J$2 + $J$3*C511 -> 12.064263 | E511: =B511 - D511 -> -0.0042626931 | F511: =ABS(E511) -> 0.0042626931 | G511: =POWER(E511, 2) -> 1.8170552e-05

Sheet Val_Cand_02_AR2
A1: Date | B1: Actual_Y | C1: Sto_Nino_DailyMaxWL_t_1 | D1: Sto_Nino_DailyMaxWL_t_3 | E1: Pred_Y_Formula | F1: Residual_Formula | G1: Abs_Error_Formula | H1: Sq_Error_Formula | J1: PARAMETER | K1: TRAINED VALUE
A2: 44708 | B2: 11.93 | C2: 11.96 | D2: 11.99 | E2: =$K$2 + $K$3*C2 + $K$4*D2 -> 12.004396 | F2: =B2 - E2 -> -0.074395512 | G2: =ABS(F2) -> 0.074395512 | H2: =POWER(F2, 2) -> 0.0055346923 | J2: beta_0 (Intercept) | K2: 5.1011091
A3: 44709 | B3: 11.92 | C3: 11.93 | D3: 11.56 | E3: =$K$2 + $K$3*C3 + $K$4*D3 -> 11.886417 | F3: =B3 - E3 -> 0.033582714 | G3: =ABS(F3) -> 0.033582714 | H3: =POWER(F3, 2) -> 0.0011277987 | J3: beta_1 (Sto_Nino_DailyMaxWL_t_1) | K3: 0.32486341
A4: 44710 | B4: 11.91 | C4: 11.92 | D4: 11.96 | E4: =$K$2 + $K$3*C4 + $K$4*D4 -> 11.98385 | F4: =B4 - E4 -> -0.073849883 | G4: =ABS(F4) -> 0.073849883 | H4: =POWER(F4, 2) -> 0.0054538053 | J4: beta_2 (Sto_Nino_DailyMaxWL_t_3) | K4: 0.25170308
A5: 44711 | B5: 11.9 | C5: 11.91 | D5: 11.93 | E5: =$K$2 + $K$3*C5 + $K$4*D5 -> 11.97305 | F5: =B5 - E5 -> -0.073050157 | G5: =ABS(F5) -> 0.073050157 | H5: =POWER(F5, 2) -> 0.0053363254
A6: 44712 | B6: 12.37 | C6: 11.9 | D6: 11.92 | E6: =$K$2 + $K$3*C6 + $K$4*D6 -> 11.967284 | F6: =B6 - E6 -> 0.40271551 | G6: =ABS(F6) -> 0.40271551 | H6: =POWER(F6, 2) -> 0.16217978 | J6: VALIDATION METRIC | K6: EXCEL FORMULA VALUE
A7: 44713 | B7: 11.45 | C7: 12.37 | D7: 11.91 | E7: =$K$2 + $K$3*C7 + $K$4*D7 -> 12.117453 | F7: =B7 - E7 -> -0.66745327 | G7: =ABS(F7) -> 0.66745327 | H7: =POWER(F7, 2) -> 0.44549386 | J7: Validation N | K7: =COUNT(B2:B482) -> 481
A8: 44714 | B8: 11.46 | C8: 11.45 | D8: 11.9 | E8: =$K$2 + $K$3*C8 + $K$4*D8 -> 11.816062 | F8: =B8 - E8 -> -0.35606189 | G8: =ABS(F8) -> 0.35606189 | H8: =POWER(F8, 2) -> 0.12678007 | J8: Validation MAE (m) | K8: =AVERAGE(G2:G482) -> 0.31995645
A9: 44715 | B9: 11.43 | C9: 11.46 | D9: 12.37 | E9: =$K$2 + $K$3*C9 + $K$4*D9 -> 11.937611 | F9: =B9 - E9 -> -0.50761098 | G9: =ABS(F9) -> 0.50761098 | H9: =POWER(F9, 2) -> 0.2576689 | J9: Validation RMSE (m) | K9: =SQRT(AVERAGE(H2:H482)) -> 0.66611718
A10: 44716 | B10: 11.44 | C10: 11.43 | D10: 11.45 | E10: =$K$2 + $K$3*C10 + $K$4*D10 -> 11.696298 | F10: =B10 - E10 -> -0.25629824 | G10: =ABS(F10) -> 0.25629824 | H10: =POWER(F10, 2) -> 0.065688788 | J10: Validation Bias (m) | K10: =AVERAGE(F2:F482) -> 0.16575515
A11: 44717 | B11: 11.45 | C11: 11.44 | D11: 11.46 | E11: =$K$2 + $K$3*C11 + $K$4*D11 -> 11.702064 | F11: =B11 - E11 -> -0.2520639 | G11: =ABS(F11) -> 0.2520639 | H11: =POWER(F11, 2) -> 0.063536212 | J11: Validation SSE | K11: =SUM(H2:H482) -> 213.42552
A12: 44718 | B12: 11.41 | C12: 11.45 | D12: 11.43 | E12: =$K$2 + $K$3*C12 + $K$4*D12 -> 11.697761 | F12: =B12 - E12 -> -0.28776145 | G12: =ABS(F12) -> 0.28776145 | H12: =POWER(F12, 2) -> 0.08280665 | J12: Validation SST | K12: =DEVSQ(B2:B482) -> 386.2553
A13: 44719 | B13: 11.4 | C13: 11.41 | D13: 11.44 | E13: =$K$2 + $K$3*C13 + $K$4*D13 -> 11.687284 | F13: =B13 - E13 -> -0.28728394 | G13: =ABS(F13) -> 0.28728394 | H13: =POWER(F13, 2) -> 0.082532062 | J13: Validation R2 | K13: =1 - (K11 / K12) -> 0.4474496
A14: 44720 | B14: 11.52 | C14: 11.4 | D14: 11.45 | E14: =$K$2 + $K$3*C14 + $K$4*D14 -> 11.686552 | F14: =B14 - E14 -> -0.16655234 | G14: =ABS(F14) -> 0.16655234 | H14: =POWER(F14, 2) -> 0.027739681
A15: 44721 | B15: 11.35 | C15: 11.52 | D15: 11.41 | E15: =$K$2 + $K$3*C15 + $K$4*D15 -> 11.715468 | F15: =B15 - E15 -> -0.36546782 | G15: =ABS(F15) -> 0.36546782 | H15: =POWER(F15, 2) -> 0.13356673
A16: 44722 | B16: 11.31 | C16: 11.35 | D16: 11.4 | E16: =$K$2 + $K$3*C16 + $K$4*D16 -> 11.657724 | F16: =B16 - E16 -> -0.34772401 | G16: =ABS(F16) -> 0.34772401 | H16: =POWER(F16, 2) -> 0.12091199
A17: 44723 | B17: 11.37 | C17: 11.31 | D17: 11.52 | E17: =$K$2 + $K$3*C17 + $K$4*D17 -> 11.674934 | F17: =B17 - E17 -> -0.30493385 | G17: =ABS(F17) -> 0.30493385 | H17: =POWER(F17, 2) -> 0.09298465
A18: 44724 | B18: 11.46 | C18: 11.37 | D18: 11.35 | E18: =$K$2 + $K$3*C18 + $K$4*D18 -> 11.651636 | F18: =B18 - E18 -> -0.19163613 | G18: =ABS(F18) -> 0.19163613 | H18: =POWER(F18, 2) -> 0.036724405
A19: 44725 | B19: 11.68 | C19: 11.46 | D19: 11.31 | E19: =$K$2 + $K$3*C19 + $K$4*D19 -> 11.670806 | F19: =B19 - E19 -> 0.0091942891 | G19: =ABS(F19) -> 0.0091942891 | H19: =POWER(F19, 2) -> 8.4534951e-05
A20: 44726 | B20: 11.57 | C20: 11.68 | D20: 11.37 | E20: =$K$2 + $K$3*C20 + $K$4*D20 -> 11.757378 | F20: =B20 - E20 -> -0.18737785 | G20: =ABS(F20) -> 0.18737785 | H20: =POWER(F20, 2) -> 0.035110458
A21: 44727 | B21: 11.89 | C21: 11.57 | D21: 11.46 | E21: =$K$2 + $K$3*C21 + $K$4*D21 -> 11.744296 | F21: =B21 - E21 -> 0.14570385 | G21: =ABS(F21) -> 0.14570385 | H21: =POWER(F21, 2) -> 0.021229612
A22: 44728 | B22: 11.61 | C22: 11.89 | D22: 11.68 | E22: =$K$2 + $K$3*C22 + $K$4*D22 -> 11.903627 | F22: =B22 - E22 -> -0.29362712 | G22: =ABS(F22) -> 0.29362712 | H22: =POWER(F22, 2) -> 0.086216885
A23: 44729 | B23: 11.52 | C23: 11.61 | D23: 11.57 | E23: =$K$2 + $K$3*C23 + $K$4*D23 -> 11.784978 | F23: =B23 - E23 -> -0.26497802 | G23: =ABS(F23) -> 0.26497802 | H23: =POWER(F23, 2) -> 0.070213353
A24: 44730 | B24: 11.51 | C24: 11.52 | D24: 11.89 | E24: =$K$2 + $K$3*C24 + $K$4*D24 -> 11.836285 | F24: =B24 - E24 -> -0.3262853 | G24: =ABS(F24) -> 0.3262853 | H24: =POWER(F24, 2) -> 0.1064621
A25: 44731 | B25: 12.54 | C25: 11.51 | D25: 11.61 | E25: =$K$2 + $K$3*C25 + $K$4*D25 -> 11.76256 | F25: =B25 - E25 -> 0.77744019 | G25: =ABS(F25) -> 0.77744019 | H25: =POWER(F25, 2) -> 0.60441326
... A482: 45290 | B482: 12.06 | C482: 12.06 | D482: 12.07 | E482: =$K$2 + $K$3*C482 + $K$4*D482 -> 12.057018 | F482: =B482 - E482 -> 0.0029818998 | G482: =ABS(F482) -> 0.0029818998 | H482: =POWER(F482, 2) -> 8.8917265e-06

Sheet Val_Cand_03_AR1_NangkaWL
A1: Date | B1: Actual_Y | C1: Sto_Nino_DailyMaxWL_t_1 | D1: Nangka_DailyMaxWL_t_3 | E1: Pred_Y_Formula | F1: Residual_Formula | G1: Abs_Error_Formula | H1: Sq_Error_Formula | J1: PARAMETER | K1: TRAINED VALUE
A2: 44708 | B2: 11.93 | C2: 11.96 | D2: 15.86 | E2: =$K$2 + $K$3*C2 + $K$4*D2 -> 12.205925 | F2: =B2 - E2 -> -0.27592529 | G2: =ABS(F2) -> 0.27592529 | H2: =POWER(F2, 2) -> 0.076134763 | J2: beta_0 (Intercept) | K2: 2.7533382
A3: 44709 | B3: 11.92 | C3: 11.93 | D3: 15.86 | E3: =$K$2 + $K$3*C3 + $K$4*D3 -> 12.199212 | F3: =B3 - E3 -> -0.27921246 | G3: =ABS(F3) -> 0.27921246 | H3: =POWER(F3, 2) -> 0.0779596 | J3: beta_1 (Sto_Nino_DailyMaxWL_t_1) | K3: 0.22376072
A4: 44710 | B4: 11.91 | C4: 11.92 | D4: 15.86 | E4: =$K$2 + $K$3*C4 + $K$4*D4 -> 12.196975 | F4: =B4 - E4 -> -0.28697486 | G4: =ABS(F4) -> 0.28697486 | H4: =POWER(F4, 2) -> 0.082354568 | J4: beta_2 (Nangka_DailyMaxWL_t_3) | K4: 0.42726411
A5: 44711 | B5: 11.9 | C5: 11.91 | D5: 15.869 | E5: =$K$2 + $K$3*C5 + $K$4*D5 -> 12.198583 | F5: =B5 - E5 -> -0.29858263 | G5: =ABS(F5) -> 0.29858263 | H5: =POWER(F5, 2) -> 0.089151585
A6: 44712 | B6: 12.37 | C6: 11.9 | D6: 15.86 | E6: =$K$2 + $K$3*C6 + $K$4*D6 -> 12.1925 | F6: =B6 - E6 -> 0.17750036 | G6: =ABS(F6) -> 0.17750036 | H6: =POWER(F6, 2) -> 0.031506377 | J6: VALIDATION METRIC | K6: EXCEL FORMULA VALUE
A7: 44713 | B7: 11.45 | C7: 12.37 | D7: 15.86 | E7: =$K$2 + $K$3*C7 + $K$4*D7 -> 12.297667 | F7: =B7 - E7 -> -0.84766718 | G7: =ABS(F7) -> 0.84766718 | H7: =POWER(F7, 2) -> 0.71853965 | J7: Validation N | K7: =COUNT(B2:B372) -> 371
A8: 44714 | B8: 11.46 | C8: 11.45 | D8: 15.86 | E8: =$K$2 + $K$3*C8 + $K$4*D8 -> 12.091807 | F8: =B8 - E8 -> -0.63180732 | G8: =ABS(F8) -> 0.63180732 | H8: =POWER(F8, 2) -> 0.39918049 | J8: Validation MAE (m) | K8: =AVERAGE(G2:G372) -> 0.39650093
A9: 44715 | B9: 11.43 | C9: 11.46 | D9: 15.89 | E9: =$K$2 + $K$3*C9 + $K$4*D9 -> 12.106863 | F9: =B9 - E9 -> -0.67686285 | G9: =ABS(F9) -> 0.67686285 | H9: =POWER(F9, 2) -> 0.45814331 | J9: Validation RMSE (m) | K9: =SQRT(AVERAGE(H2:H372)) -> 0.71360657
A10: 44717 | B10: 11.45 | C10: 11.44 | D10: 15.86 | E10: =$K$2 + $K$3*C10 + $K$4*D10 -> 12.08957 | F10: =B10 - E10 -> -0.63956971 | G10: =ABS(F10) -> 0.63956971 | H10: =POWER(F10, 2) -> 0.40904941 | J10: Validation Bias (m) | K10: =AVERAGE(F2:F372) -> 0.031855688
A11: 44718 | B11: 11.41 | C11: 11.45 | D11: 15.86 | E11: =$K$2 + $K$3*C11 + $K$4*D11 -> 12.091807 | F11: =B11 - E11 -> -0.68180732 | G11: =ABS(F11) -> 0.68180732 | H11: =POWER(F11, 2) -> 0.46486122 | J11: Validation SSE | K11: =SUM(H2:H372) -> 188.92594
A12: 44719 | B12: 11.4 | C12: 11.41 | D12: 15.86 | E12: =$K$2 + $K$3*C12 + $K$4*D12 -> 12.082857 | F12: =B12 - E12 -> -0.68285689 | G12: =ABS(F12) -> 0.68285689 | H12: =POWER(F12, 2) -> 0.46629353 | J12: Validation SST | K12: =DEVSQ(B2:B372) -> 272.80299
A13: 44722 | B13: 11.31 | C13: 11.35 | D13: 15.86 | E13: =$K$2 + $K$3*C13 + $K$4*D13 -> 12.069431 | F13: =B13 - E13 -> -0.75943124 | G13: =ABS(F13) -> 0.75943124 | H13: =POWER(F13, 2) -> 0.57673581 | J13: Validation R2 | K13: =1 - (K11 / K12) -> 0.30746383
A14: 44723 | B14: 11.37 | C14: 11.31 | D14: 15.86 | E14: =$K$2 + $K$3*C14 + $K$4*D14 -> 12.060481 | F14: =B14 - E14 -> -0.69048082 | G14: =ABS(F14) -> 0.69048082 | H14: =POWER(F14, 2) -> 0.47676376
A15: 44724 | B15: 11.46 | C15: 11.37 | D15: 15.86 | E15: =$K$2 + $K$3*C15 + $K$4*D15 -> 12.073906 | F15: =B15 - E15 -> -0.61390646 | G15: =ABS(F15) -> 0.61390646 | H15: =POWER(F15, 2) -> 0.37688114
A16: 44725 | B16: 11.68 | C16: 11.46 | D16: 15.86 | E16: =$K$2 + $K$3*C16 + $K$4*D16 -> 12.094045 | F16: =B16 - E16 -> -0.41404492 | G16: =ABS(F16) -> 0.41404492 | H16: =POWER(F16, 2) -> 0.1714332
A17: 44727 | B17: 11.89 | C17: 11.57 | D17: 15.86 | E17: =$K$2 + $K$3*C17 + $K$4*D17 -> 12.118659 | F17: =B17 - E17 -> -0.2286586 | G17: =ABS(F17) -> 0.2286586 | H17: =POWER(F17, 2) -> 0.052284757
A18: 44729 | B18: 11.52 | C18: 11.61 | D18: 15.86 | E18: =$K$2 + $K$3*C18 + $K$4*D18 -> 12.127609 | F18: =B18 - E18 -> -0.60760903 | G18: =ABS(F18) -> 0.60760903 | H18: =POWER(F18, 2) -> 0.36918874
A19: 44730 | B19: 11.51 | C19: 11.52 | D19: 16.19 | E19: =$K$2 + $K$3*C19 + $K$4*D19 -> 12.248468 | F19: =B19 - E19 -> -0.73846772 | G19: =ABS(F19) -> 0.73846772 | H19: =POWER(F19, 2) -> 0.54533458
A20: 44731 | B20: 12.54 | C20: 11.51 | D20: 15.86 | E20: =$K$2 + $K$3*C20 + $K$4*D20 -> 12.105233 | F20: =B20 - E20 -> 0.43476704 | G20: =ABS(F20) -> 0.43476704 | H20: =POWER(F20, 2) -> 0.18902238
A21: 44732 | B21: 11.68 | C21: 12.54 | D21: 15.87 | E21: =$K$2 + $K$3*C21 + $K$4*D21 -> 12.339979 | F21: =B21 - E21 -> -0.65997915 | G21: =ABS(F21) -> 0.65997915 | H21: =POWER(F21, 2) -> 0.43557247
A22: 44733 | B22: 11.43 | C22: 11.68 | D22: 15.86 | E22: =$K$2 + $K$3*C22 + $K$4*D22 -> 12.143272 | F22: =B22 - E22 -> -0.71327228 | G22: =ABS(F22) -> 0.71327228 | H22: =POWER(F22, 2) -> 0.50875735
A23: 44736 | B23: 11.43 | C23: 11.74 | D23: 15.87 | E23: =$K$2 + $K$3*C23 + $K$4*D23 -> 12.160971 | F23: =B23 - E23 -> -0.73097057 | G23: =ABS(F23) -> 0.73097057 | H23: =POWER(F23, 2) -> 0.53431797
A24: 44737 | B24: 11.4 | C24: 11.43 | D24: 16.33 | E24: =$K$2 + $K$3*C24 + $K$4*D24 -> 12.288146 | F24: =B24 - E24 -> -0.88814623 | G24: =ABS(F24) -> 0.88814623 | H24: =POWER(F24, 2) -> 0.78880373
A25: 44741 | B25: 13.34 | C25: 11.98 | D25: 15.87 | E25: =$K$2 + $K$3*C25 + $K$4*D25 -> 12.214673 | F25: =B25 - E25 -> 1.1253269 | G25: =ABS(F25) -> 1.1253269 | H25: =POWER(F25, 2) -> 1.2663605
... A372: 45290 | B372: 12.06 | C372: 12.06 | D372: 15.93 | E372: =$K$2 + $K$3*C372 + $K$4*D372 -> 12.25821 | F372: =B372 - E372 -> -0.19820985 | G372: =ABS(F372) -> 0.19820985 | H372: =POWER(F372, 2) -> 0.039287143

Sheet Val_Cand_04_AR1_Boso
A1: Date | B1: Actual_Y | C1: Sto_Nino_DailyMaxWL_t_1 | D1: Mt_BosoBoso_Rain_t_1 | E1: Pred_Y_Formula | F1: Residual_Formula | G1: Abs_Error_Formula | H1: Sq_Error_Formula | J1: PARAMETER | K1: TRAINED VALUE
A2: 44708 | B2: 11.93 | C2: 11.96 | D2: 0 | E2: =$K$2 + $K$3*C2 + $K$4*D2 -> 11.903315 | F2: =B2 - E2 -> 0.026684689 | G2: =ABS(F2) -> 0.026684689 | H2: =POWER(F2, 2) -> 0.00071207264 | J2: beta_0 (Intercept) | K2: 7.0795422
A3: 44709 | B3: 11.92 | C3: 11.93 | D3: 0 | E3: =$K$2 + $K$3*C3 + $K$4*D3 -> 11.891216 | F3: =B3 - E3 -> 0.028784455 | G3: =ABS(F3) -> 0.028784455 | H3: =POWER(F3, 2) -> 0.00082854483 | J3: beta_1 (Sto_Nino_DailyMaxWL_t_1) | K3: 0.40332551
A4: 44710 | B4: 11.91 | C4: 11.92 | D4: 3 | E4: =$K$2 + $K$3*C4 + $K$4*D4 -> 11.951671 | F4: =B4 - E4 -> -0.041670697 | G4: =ABS(F4) -> 0.041670697 | H4: =POWER(F4, 2) -> 0.001736447 | J4: beta_2 (Mt_BosoBoso_Rain_t_1) | K4: 0.021496136
A5: 44711 | B5: 11.9 | C5: 11.91 | D5: 1 | E5: =$K$2 + $K$3*C5 + $K$4*D5 -> 11.904645 | F5: =B5 - E5 -> -0.0046451707 | G5: =ABS(F5) -> 0.0046451707 | H5: =POWER(F5, 2) -> 2.1577611e-05
A6: 44712 | B6: 12.37 | C6: 11.9 | D6: 3 | E6: =$K$2 + $K$3*C6 + $K$4*D6 -> 11.943604 | F6: =B6 - E6 -> 0.42639581 | G6: =ABS(F6) -> 0.42639581 | H6: =POWER(F6, 2) -> 0.18181339 | J6: VALIDATION METRIC | K6: EXCEL FORMULA VALUE
A7: 44713 | B7: 11.45 | C7: 12.37 | D7: 3 | E7: =$K$2 + $K$3*C7 + $K$4*D7 -> 12.133167 | F7: =B7 - E7 -> -0.68316718 | G7: =ABS(F7) -> 0.68316718 | H7: =POWER(F7, 2) -> 0.46671739 | J7: Validation N | K7: =COUNT(B2:B510) -> 509
A8: 44714 | B8: 11.46 | C8: 11.45 | D8: 1 | E8: =$K$2 + $K$3*C8 + $K$4*D8 -> 11.719115 | F8: =B8 - E8 -> -0.25911543 | G8: =ABS(F8) -> 0.25911543 | H8: =POWER(F8, 2) -> 0.067140808 | J8: Validation MAE (m) | K8: =AVERAGE(G2:G510) -> 0.36505988
A9: 44715 | B9: 11.43 | C9: 11.46 | D9: 1 | E9: =$K$2 + $K$3*C9 + $K$4*D9 -> 11.723149 | F9: =B9 - E9 -> -0.29314869 | G9: =ABS(F9) -> 0.29314869 | H9: =POWER(F9, 2) -> 0.085936154 | J9: Validation RMSE (m) | K9: =SQRT(AVERAGE(H2:H510)) -> 0.64112089
A10: 44716 | B10: 11.44 | C10: 11.43 | D10: 0 | E10: =$K$2 + $K$3*C10 + $K$4*D10 -> 11.689553 | F10: =B10 - E10 -> -0.24955279 | G10: =ABS(F10) -> 0.24955279 | H10: =POWER(F10, 2) -> 0.062276594 | J10: Validation Bias (m) | K10: =AVERAGE(F2:F510) -> 0.16512597
A11: 44717 | B11: 11.45 | C11: 11.44 | D11: 0 | E11: =$K$2 + $K$3*C11 + $K$4*D11 -> 11.693586 | F11: =B11 - E11 -> -0.24358604 | G11: =ABS(F11) -> 0.24358604 | H11: =POWER(F11, 2) -> 0.05933416 | J11: Validation SSE | K11: =SUM(H2:H510) -> 209.21732
A12: 44718 | B12: 11.41 | C12: 11.45 | D12: 0 | E12: =$K$2 + $K$3*C12 + $K$4*D12 -> 11.697619 | F12: =B12 - E12 -> -0.2876193 | G12: =ABS(F12) -> 0.2876193 | H12: =POWER(F12, 2) -> 0.082724861 | J12: Validation SST | K12: =DEVSQ(B2:B510) -> 389.57411
A13: 44719 | B13: 11.4 | C13: 11.41 | D13: 1 | E13: =$K$2 + $K$3*C13 + $K$4*D13 -> 11.702982 | F13: =B13 - E13 -> -0.30298241 | G13: =ABS(F13) -> 0.30298241 | H13: =POWER(F13, 2) -> 0.091798343 | J13: Validation R2 | K13: =1 - (K11 / K12) -> 0.46295886
A14: 44720 | B14: 11.52 | C14: 11.4 | D14: 0 | E14: =$K$2 + $K$3*C14 + $K$4*D14 -> 11.677453 | F14: =B14 - E14 -> -0.15745302 | G14: =ABS(F14) -> 0.15745302 | H14: =POWER(F14, 2) -> 0.024791454
A15: 44721 | B15: 11.35 | C15: 11.52 | D15: 14 | E15: =$K$2 + $K$3*C15 + $K$4*D15 -> 12.026798 | F15: =B15 - E15 -> -0.67679798 | G15: =ABS(F15) -> 0.67679798 | H15: =POWER(F15, 2) -> 0.45805551
A16: 44722 | B16: 11.31 | C16: 11.35 | D16: 0 | E16: =$K$2 + $K$3*C16 + $K$4*D16 -> 11.657287 | F16: =B16 - E16 -> -0.34728675 | G16: =ABS(F16) -> 0.34728675 | H16: =POWER(F16, 2) -> 0.12060808
A17: 44723 | B17: 11.37 | C17: 11.31 | D17: 0 | E17: =$K$2 + $K$3*C17 + $K$4*D17 -> 11.641154 | F17: =B17 - E17 -> -0.27115373 | G17: =ABS(F17) -> 0.27115373 | H17: =POWER(F17, 2) -> 0.073524343
A18: 44724 | B18: 11.46 | C18: 11.37 | D18: 3 | E18: =$K$2 + $K$3*C18 + $K$4*D18 -> 11.729842 | F18: =B18 - E18 -> -0.26984166 | G18: =ABS(F18) -> 0.26984166 | H18: =POWER(F18, 2) -> 0.072814524
A19: 44725 | B19: 11.68 | C19: 11.46 | D19: 2 | E19: =$K$2 + $K$3*C19 + $K$4*D19 -> 11.744645 | F19: =B19 - E19 -> -0.064644825 | G19: =ABS(F19) -> 0.064644825 | H19: =POWER(F19, 2) -> 0.0041789534
A20: 44726 | B20: 11.57 | C20: 11.68 | D20: 31 | E20: =$K$2 + $K$3*C20 + $K$4*D20 -> 12.456764 | F20: =B20 - E20 -> -0.88676438 | G20: =ABS(F20) -> 0.88676438 | H20: =POWER(F20, 2) -> 0.78635106
A21: 44727 | B21: 11.89 | C21: 11.57 | D21: 6 | E21: =$K$2 + $K$3*C21 + $K$4*D21 -> 11.874995 | F21: =B21 - E21 -> 0.015004825 | G21: =ABS(F21) -> 0.015004825 | H21: =POWER(F21, 2) -> 0.00022514478
A22: 44728 | B22: 11.61 | C22: 11.89 | D22: 5 | E22: =$K$2 + $K$3*C22 + $K$4*D22 -> 11.982563 | F22: =B22 - E22 -> -0.3725632 | G22: =ABS(F22) -> 0.3725632 | H22: =POWER(F22, 2) -> 0.13880334
A23: 44729 | B23: 11.52 | C23: 11.61 | D23: 0 | E23: =$K$2 + $K$3*C23 + $K$4*D23 -> 11.762151 | F23: =B23 - E23 -> -0.24215138 | G23: =ABS(F23) -> 0.24215138 | H23: =POWER(F23, 2) -> 0.058637291
A24: 44730 | B24: 11.51 | C24: 11.52 | D24: 0 | E24: =$K$2 + $K$3*C24 + $K$4*D24 -> 11.725852 | F24: =B24 - E24 -> -0.21585208 | G24: =ABS(F24) -> 0.21585208 | H24: =POWER(F24, 2) -> 0.046592122
A25: 44731 | B25: 12.54 | C25: 11.51 | D25: 0 | E25: =$K$2 + $K$3*C25 + $K$4*D25 -> 11.721819 | F25: =B25 - E25 -> 0.81818117 | G25: =ABS(F25) -> 0.81818117 | H25: =POWER(F25, 2) -> 0.66942043
... A510: 45290 | B510: 12.06 | C510: 12.06 | D510: 0 | E510: =$K$2 + $K$3*C510 + $K$4*D510 -> 11.943648 | F510: =B510 - E510 -> 0.11635214 | G510: =ABS(F510) -> 0.11635214 | H510: =POWER(F510, 2) -> 0.01353782

Sheet Val_Cand_05_AR1_Campana
A1: Date | B1: Actual_Y | C1: Sto_Nino_DailyMaxWL_t_1 | D1: Mt_Campana_Rain_t_1 | E1: Pred_Y_Formula | F1: Residual_Formula | G1: Abs_Error_Formula | H1: Sq_Error_Formula | J1: PARAMETER | K1: TRAINED VALUE
A2: 44708 | B2: 11.93 | C2: 11.96 | D2: 1 | E2: =$K$2 + $K$3*C2 + $K$4*D2 -> 12.066655 | F2: =B2 - E2 -> -0.1366553 | G2: =ABS(F2) -> 0.1366553 | H2: =POWER(F2, 2) -> 0.018674672 | J2: beta_0 (Intercept) | K2: 4.1081506
A3: 44709 | B3: 11.92 | C3: 11.93 | D3: 0 | E3: =$K$2 + $K$3*C3 + $K$4*D3 -> 12.038064 | F3: =B3 - E3 -> -0.11806391 | G3: =ABS(F3) -> 0.11806391 | H3: =POWER(F3, 2) -> 0.013939088 | J3: beta_1 (Sto_Nino_DailyMaxWL_t_1) | K3: 0.66470355
A4: 44710 | B4: 11.91 | C4: 11.92 | D4: 10 | E4: =$K$2 + $K$3*C4 + $K$4*D4 -> 12.11792 | F4: =B4 - E4 -> -0.2079197 | G4: =ABS(F4) -> 0.2079197 | H4: =POWER(F4, 2) -> 0.0432306 | J4: beta_2 (Mt_Campana_Rain_t_1) | K4: 0.0086502818
A5: 44711 | B5: 11.9 | C5: 11.91 | D5: 2 | E5: =$K$2 + $K$3*C5 + $K$4*D5 -> 12.04207 | F5: =B5 - E5 -> -0.14207041 | G5: =ABS(F5) -> 0.14207041 | H5: =POWER(F5, 2) -> 0.020184001
A6: 44712 | B6: 12.37 | C6: 11.9 | D6: 0 | E6: =$K$2 + $K$3*C6 + $K$4*D6 -> 12.018123 | F6: =B6 - E6 -> 0.35187719 | G6: =ABS(F6) -> 0.35187719 | H6: =POWER(F6, 2) -> 0.12381756 | J6: VALIDATION METRIC | K6: EXCEL FORMULA VALUE
A7: 44713 | B7: 11.45 | C7: 12.37 | D7: 3 | E7: =$K$2 + $K$3*C7 + $K$4*D7 -> 12.356484 | F7: =B7 - E7 -> -0.90648432 | G7: =ABS(F7) -> 0.90648432 | H7: =POWER(F7, 2) -> 0.82171382 | J7: Validation N | K7: =COUNT(B2:B509) -> 508
A8: 44714 | B8: 11.46 | C8: 11.45 | D8: 1 | E8: =$K$2 + $K$3*C8 + $K$4*D8 -> 11.727656 | F8: =B8 - E8 -> -0.26765649 | G8: =ABS(F8) -> 0.26765649 | H8: =POWER(F8, 2) -> 0.071639999 | J8: Validation MAE (m) | K8: =AVERAGE(G2:G509) -> 0.30700805
A9: 44715 | B9: 11.43 | C9: 11.46 | D9: 0 | E9: =$K$2 + $K$3*C9 + $K$4*D9 -> 11.725653 | F9: =B9 - E9 -> -0.29565325 | G9: =ABS(F9) -> 0.29565325 | H9: =POWER(F9, 2) -> 0.087410843 | J9: Validation RMSE (m) | K9: =SQRT(AVERAGE(H2:H509)) -> 0.5767804
A10: 44716 | B10: 11.44 | C10: 11.43 | D10: 0 | E10: =$K$2 + $K$3*C10 + $K$4*D10 -> 11.705712 | F10: =B10 - E10 -> -0.26571214 | G10: =ABS(F10) -> 0.26571214 | H10: =POWER(F10, 2) -> 0.070602942 | J10: Validation Bias (m) | K10: =AVERAGE(F2:F509) -> -0.010004022
A11: 44717 | B11: 11.45 | C11: 11.44 | D11: 6 | E11: =$K$2 + $K$3*C11 + $K$4*D11 -> 11.764261 | F11: =B11 - E11 -> -0.31426087 | G11: =ABS(F11) -> 0.31426087 | H11: =POWER(F11, 2) -> 0.098759893 | J11: Validation SSE | K11: =SUM(H2:H509) -> 168.99922
A12: 44718 | B12: 11.41 | C12: 11.45 | D12: 1 | E12: =$K$2 + $K$3*C12 + $K$4*D12 -> 11.727656 | F12: =B12 - E12 -> -0.31765649 | G12: =ABS(F12) -> 0.31765649 | H12: =POWER(F12, 2) -> 0.10090565 | J12: Validation SST | K12: =DEVSQ(B2:B509) -> 389.32606
A13: 44719 | B13: 11.4 | C13: 11.41 | D13: 32 | E13: =$K$2 + $K$3*C13 + $K$4*D13 -> 11.969227 | F13: =B13 - E13 -> -0.56922709 | G13: =ABS(F13) -> 0.56922709 | H13: =POWER(F13, 2) -> 0.32401948 | J13: Validation R2 | K13: =1 - (K11 / K12) -> 0.56591856
A14: 44720 | B14: 11.52 | C14: 11.4 | D14: 0 | E14: =$K$2 + $K$3*C14 + $K$4*D14 -> 11.685771 | F14: =B14 - E14 -> -0.16577104 | G14: =ABS(F14) -> 0.16577104 | H14: =POWER(F14, 2) -> 0.027480036
A15: 44721 | B15: 11.35 | C15: 11.52 | D15: 9 | E15: =$K$2 + $K$3*C15 + $K$4*D15 -> 11.843388 | F15: =B15 - E15 -> -0.493388 | G15: =ABS(F15) -> 0.493388 | H15: =POWER(F15, 2) -> 0.24343172
A16: 44722 | B16: 11.31 | C16: 11.35 | D16: 0 | E16: =$K$2 + $K$3*C16 + $K$4*D16 -> 11.652536 | F16: =B16 - E16 -> -0.34253586 | G16: =ABS(F16) -> 0.34253586 | H16: =POWER(F16, 2) -> 0.11733081
A17: 44723 | B17: 11.37 | C17: 11.31 | D17: 0 | E17: =$K$2 + $K$3*C17 + $K$4*D17 -> 11.625948 | F17: =B17 - E17 -> -0.25594772 | G17: =ABS(F17) -> 0.25594772 | H17: =POWER(F17, 2) -> 0.065509233
A18: 44724 | B18: 11.46 | C18: 11.37 | D18: 0 | E18: =$K$2 + $K$3*C18 + $K$4*D18 -> 11.66583 | F18: =B18 - E18 -> -0.20582993 | G18: =ABS(F18) -> 0.20582993 | H18: =POWER(F18, 2) -> 0.04236596
A19: 44725 | B19: 11.68 | C19: 11.46 | D19: 0 | E19: =$K$2 + $K$3*C19 + $K$4*D19 -> 11.725653 | F19: =B19 - E19 -> -0.045653248 | G19: =ABS(F19) -> 0.045653248 | H19: =POWER(F19, 2) -> 0.002084219
A20: 44726 | B20: 11.57 | C20: 11.68 | D20: 38 | E20: =$K$2 + $K$3*C20 + $K$4*D20 -> 12.200599 | F20: =B20 - E20 -> -0.63059874 | G20: =ABS(F20) -> 0.63059874 | H20: =POWER(F20, 2) -> 0.39765477
A21: 44727 | B21: 11.89 | C21: 11.57 | D21: 0 | E21: =$K$2 + $K$3*C21 + $K$4*D21 -> 11.798771 | F21: =B21 - E21 -> 0.091229362 | G21: =ABS(F21) -> 0.091229362 | H21: =POWER(F21, 2) -> 0.0083227965
A22: 44728 | B22: 11.61 | C22: 11.89 | D22: 1 | E22: =$K$2 + $K$3*C22 + $K$4*D22 -> 12.020126 | F22: =B22 - E22 -> -0.41012605 | G22: =ABS(F22) -> 0.41012605 | H22: =POWER(F22, 2) -> 0.16820338
A23: 44729 | B23: 11.52 | C23: 11.61 | D23: 29 | E23: =$K$2 + $K$3*C23 + $K$4*D23 -> 12.076217 | F23: =B23 - E23 -> -0.55621695 | G23: =ABS(F23) -> 0.55621695 | H23: =POWER(F23, 2) -> 0.3093773
A24: 44730 | B24: 11.51 | C24: 11.52 | D24: 0 | E24: =$K$2 + $K$3*C24 + $K$4*D24 -> 11.765535 | F24: =B24 - E24 -> -0.25553546 | G24: =ABS(F24) -> 0.25553546 | H24: =POWER(F24, 2) -> 0.065298372
A25: 44731 | B25: 12.54 | C25: 11.51 | D25: 6 | E25: =$K$2 + $K$3*C25 + $K$4*D25 -> 11.81079 | F25: =B25 - E25 -> 0.72920988 | G25: =ABS(F25) -> 0.72920988 | H25: =POWER(F25, 2) -> 0.53174706
... A509: 45290 | B509: 12.06 | C509: 12.06 | D509: 0 | E509: =$K$2 + $K$3*C509 + $K$4*D509 -> 12.124475 | F509: =B509 - E509 -> -0.064475376 | G509: =ABS(F509) -> 0.064475376 | H509: =POWER(F509, 2) -> 0.0041570741

Sheet Val_Cand_06_AR1_NangkaRain
A1: Date | B1: Actual_Y | C1: Sto_Nino_DailyMaxWL_t_1 | D1: Nangka_Rain_t_1 | E1: Pred_Y_Formula | F1: Residual_Formula | G1: Abs_Error_Formula | H1: Sq_Error_Formula | J1: PARAMETER | K1: TRAINED VALUE
A2: 44708 | B2: 11.93 | C2: 11.96 | D2: 17 | E2: =$K$2 + $K$3*C2 + $K$4*D2 -> 12.182761 | F2: =B2 - E2 -> -0.25276097 | G2: =ABS(F2) -> 0.25276097 | H2: =POWER(F2, 2) -> 0.063888109 | J2: beta_0 (Intercept) | K2: 7.0839747
A3: 44709 | B3: 11.92 | C3: 11.93 | D3: 0 | E3: =$K$2 + $K$3*C3 + $K$4*D3 -> 11.837736 | F3: =B3 - E3 -> 0.082264361 | G3: =ABS(F3) -> 0.082264361 | H3: =POWER(F3, 2) -> 0.0067674251 | J3: beta_1 (Sto_Nino_DailyMaxWL_t_1) | K3: 0.39847116
A4: 44710 | B4: 11.91 | C4: 11.92 | D4: 2 | E4: =$K$2 + $K$3*C4 + $K$4*D4 -> 11.872936 | F4: =B4 - E4 -> 0.037064225 | G4: =ABS(F4) -> 0.037064225 | H4: =POWER(F4, 2) -> 0.0013737568 | J4: beta_2 (Nangka_Rain_t_1) | K4: 0.019592423
A5: 44711 | B5: 11.9 | C5: 11.91 | D5: 0 | E5: =$K$2 + $K$3*C5 + $K$4*D5 -> 11.829766 | F5: =B5 - E5 -> 0.070233784 | G5: =ABS(F5) -> 0.070233784 | H5: =POWER(F5, 2) -> 0.0049327844
A6: 44712 | B6: 12.37 | C6: 11.9 | D6: 0 | E6: =$K$2 + $K$3*C6 + $K$4*D6 -> 11.825782 | F6: =B6 - E6 -> 0.5442185 | G6: =ABS(F6) -> 0.5442185 | H6: =POWER(F6, 2) -> 0.29617377 | J6: VALIDATION METRIC | K6: EXCEL FORMULA VALUE
A7: 44713 | B7: 11.45 | C7: 12.37 | D7: 5 | E7: =$K$2 + $K$3*C7 + $K$4*D7 -> 12.111025 | F7: =B7 - E7 -> -0.66102507 | G7: =ABS(F7) -> 0.66102507 | H7: =POWER(F7, 2) -> 0.43695414 | J7: Validation N | K7: =COUNT(B2:B473) -> 472
A8: 44714 | B8: 11.46 | C8: 11.45 | D8: 1 | E8: =$K$2 + $K$3*C8 + $K$4*D8 -> 11.666062 | F8: =B8 - E8 -> -0.20606191 | G8: =ABS(F8) -> 0.20606191 | H8: =POWER(F8, 2) -> 0.04246151 | J8: Validation MAE (m) | K8: =AVERAGE(G2:G473) -> 0.38929492
A9: 44716 | B9: 11.44 | C9: 11.43 | D9: 0 | E9: =$K$2 + $K$3*C9 + $K$4*D9 -> 11.6385 | F9: =B9 - E9 -> -0.19850006 | G9: =ABS(F9) -> 0.19850006 | H9: =POWER(F9, 2) -> 0.039402274 | J9: Validation RMSE (m) | K9: =SQRT(AVERAGE(H2:H473)) -> 0.67123678
A10: 44717 | B10: 11.45 | C10: 11.44 | D10: 0 | E10: =$K$2 + $K$3*C10 + $K$4*D10 -> 11.642485 | F10: =B10 - E10 -> -0.19248477 | G10: =ABS(F10) -> 0.19248477 | H10: =POWER(F10, 2) -> 0.037050388 | J10: Validation Bias (m) | K10: =AVERAGE(F2:F473) -> 0.25342312
A11: 44718 | B11: 11.41 | C11: 11.45 | D11: 1 | E11: =$K$2 + $K$3*C11 + $K$4*D11 -> 11.666062 | F11: =B11 - E11 -> -0.25606191 | G11: =ABS(F11) -> 0.25606191 | H11: =POWER(F11, 2) -> 0.0655677 | J11: Validation SSE | K11: =SUM(H2:H473) -> 212.66376
A12: 44719 | B12: 11.4 | C12: 11.41 | D12: 0 | E12: =$K$2 + $K$3*C12 + $K$4*D12 -> 11.630531 | F12: =B12 - E12 -> -0.23053064 | G12: =ABS(F12) -> 0.23053064 | H12: =POWER(F12, 2) -> 0.053144375 | J12: Validation SST | K12: =DEVSQ(B2:B473) -> 378.94366
A13: 44720 | B13: 11.52 | C13: 11.4 | D13: 0 | E13: =$K$2 + $K$3*C13 + $K$4*D13 -> 11.626546 | F13: =B13 - E13 -> -0.10654593 | G13: =ABS(F13) -> 0.10654593 | H13: =POWER(F13, 2) -> 0.011352034 | J13: Validation R2 | K13: =1 - (K11 / K12) -> 0.43879848
A14: 44721 | B14: 11.35 | C14: 11.52 | D14: 0 | E14: =$K$2 + $K$3*C14 + $K$4*D14 -> 11.674362 | F14: =B14 - E14 -> -0.32436246 | G14: =ABS(F14) -> 0.32436246 | H14: =POWER(F14, 2) -> 0.10521101
A15: 44722 | B15: 11.31 | C15: 11.35 | D15: 0 | E15: =$K$2 + $K$3*C15 + $K$4*D15 -> 11.606622 | F15: =B15 - E15 -> -0.29662237 | G15: =ABS(F15) -> 0.29662237 | H15: =POWER(F15, 2) -> 0.087984829
A16: 44723 | B16: 11.37 | C16: 11.31 | D16: 0 | E16: =$K$2 + $K$3*C16 + $K$4*D16 -> 11.590684 | F16: =B16 - E16 -> -0.22068352 | G16: =ABS(F16) -> 0.22068352 | H16: =POWER(F16, 2) -> 0.048701217
A17: 44724 | B17: 11.46 | C17: 11.37 | D17: 2 | E17: =$K$2 + $K$3*C17 + $K$4*D17 -> 11.653777 | F17: =B17 - E17 -> -0.19377664 | G17: =ABS(F17) -> 0.19377664 | H17: =POWER(F17, 2) -> 0.037549385
A18: 44725 | B18: 11.68 | C18: 11.46 | D18: 11 | E18: =$K$2 + $K$3*C18 + $K$4*D18 -> 11.865971 | F18: =B18 - E18 -> -0.18597085 | G18: =ABS(F18) -> 0.18597085 | H18: =POWER(F18, 2) -> 0.034585158
A19: 44726 | B19: 11.57 | C19: 11.68 | D19: 18 | E19: =$K$2 + $K$3*C19 + $K$4*D19 -> 12.090781 | F19: =B19 - E19 -> -0.52078147 | G19: =ABS(F19) -> 0.52078147 | H19: =POWER(F19, 2) -> 0.27121334
A20: 44727 | B20: 11.89 | C20: 11.57 | D20: 7 | E20: =$K$2 + $K$3*C20 + $K$4*D20 -> 11.831433 | F20: =B20 - E20 -> 0.058567013 | G20: =ABS(F20) -> 0.058567013 | H20: =POWER(F20, 2) -> 0.003430095
A21: 44729 | B21: 11.52 | C21: 11.61 | D21: 10 | E21: =$K$2 + $K$3*C21 + $K$4*D21 -> 11.906149 | F21: =B21 - E21 -> -0.3861491 | G21: =ABS(F21) -> 0.3861491 | H21: =POWER(F21, 2) -> 0.14911113
A22: 44731 | B22: 12.54 | C22: 11.51 | D22: 1 | E22: =$K$2 + $K$3*C22 + $K$4*D22 -> 11.68997 | F22: =B22 - E22 -> 0.85002982 | G22: =ABS(F22) -> 0.85002982 | H22: =POWER(F22, 2) -> 0.7225507
A23: 44732 | B23: 11.68 | C23: 12.54 | D23: 11 | E23: =$K$2 + $K$3*C23 + $K$4*D23 -> 12.29632 | F23: =B23 - E23 -> -0.6163197 | G23: =ABS(F23) -> 0.6163197 | H23: =POWER(F23, 2) -> 0.37984998
A24: 44733 | B24: 11.43 | C24: 11.68 | D24: 6 | E24: =$K$2 + $K$3*C24 + $K$4*D24 -> 11.855672 | F24: =B24 - E24 -> -0.42567239 | G24: =ABS(F24) -> 0.42567239 | H24: =POWER(F24, 2) -> 0.18119698
A25: 44734 | B25: 12.58 | C25: 11.43 | D25: 0 | E25: =$K$2 + $K$3*C25 + $K$4*D25 -> 11.6385 | F25: =B25 - E25 -> 0.94149994 | G25: =ABS(F25) -> 0.94149994 | H25: =POWER(F25, 2) -> 0.88642214
... A473: 45290 | B473: 12.06 | C473: 12.06 | D473: 0 | E473: =$K$2 + $K$3*C473 + $K$4*D473 -> 11.889537 | F473: =B473 - E473 -> 0.17046311 | G473: =ABS(F473) -> 0.17046311 | H473: =POWER(F473, 2) -> 0.029057672

Sheet Val_Cand_07_AR1_Oro
A1: Date | B1: Actual_Y | C1: Sto_Nino_DailyMaxWL_t_1 | D1: Mt_Oro_Rain_t_1 | E1: Pred_Y_Formula | F1: Residual_Formula | G1: Abs_Error_Formula | H1: Sq_Error_Formula | J1: PARAMETER | K1: TRAINED VALUE
A2: 44708 | B2: 11.93 | C2: 11.96 | D2: 5 | E2: =$K$2 + $K$3*C2 + $K$4*D2 -> 11.991097 | F2: =B2 - E2 -> -0.061097264 | G2: =ABS(F2) -> 0.061097264 | H2: =POWER(F2, 2) -> 0.0037328757 | J2: beta_0 (Intercept) | K2: 7.0846146
A3: 44709 | B3: 11.92 | C3: 11.93 | D3: 7 | E3: =$K$2 + $K$3*C3 + $K$4*D3 -> 12.012927 | F3: =B3 - E3 -> -0.092927444 | G3: =ABS(F3) -> 0.092927444 | H3: =POWER(F3, 2) -> 0.0086355099 | J3: beta_1 (Sto_Nino_DailyMaxWL_t_1) | K3: 0.40314975
A4: 44710 | B4: 11.91 | C4: 11.92 | D4: 0 | E4: =$K$2 + $K$3*C4 + $K$4*D4 -> 11.89016 | F4: =B4 - E4 -> 0.019840407 | G4: =ABS(F4) -> 0.019840407 | H4: =POWER(F4, 2) -> 0.00039364177 | J4: beta_2 (Mt_Oro_Rain_t_1) | K4: 0.016962336
A5: 44711 | B5: 11.9 | C5: 11.91 | D5: 0 | E5: =$K$2 + $K$3*C5 + $K$4*D5 -> 11.886128 | F5: =B5 - E5 -> 0.013871905 | G5: =ABS(F5) -> 0.013871905 | H5: =POWER(F5, 2) -> 0.00019242975
A6: 44712 | B6: 12.37 | C6: 11.9 | D6: 0 | E6: =$K$2 + $K$3*C6 + $K$4*D6 -> 11.882097 | F6: =B6 - E6 -> 0.4879034 | G6: =ABS(F6) -> 0.4879034 | H6: =POWER(F6, 2) -> 0.23804973 | J6: VALIDATION METRIC | K6: EXCEL FORMULA VALUE
A7: 44713 | B7: 11.45 | C7: 12.37 | D7: 1 | E7: =$K$2 + $K$3*C7 + $K$4*D7 -> 12.088539 | F7: =B7 - E7 -> -0.63853931 | G7: =ABS(F7) -> 0.63853931 | H7: =POWER(F7, 2) -> 0.40773246 | J7: Validation N | K7: =COUNT(B2:B485) -> 484
A8: 44714 | B8: 11.46 | C8: 11.45 | D8: 3 | E8: =$K$2 + $K$3*C8 + $K$4*D8 -> 11.751566 | F8: =B8 - E8 -> -0.29156622 | G8: =ABS(F8) -> 0.29156622 | H8: =POWER(F8, 2) -> 0.085010861 | J8: Validation MAE (m) | K8: =AVERAGE(G2:G485) -> 0.36171856
A9: 44715 | B9: 11.43 | C9: 11.46 | D9: 1 | E9: =$K$2 + $K$3*C9 + $K$4*D9 -> 11.721673 | F9: =B9 - E9 -> -0.29167305 | G9: =ABS(F9) -> 0.29167305 | H9: =POWER(F9, 2) -> 0.085073166 | J9: Validation RMSE (m) | K9: =SQRT(AVERAGE(H2:H485)) -> 0.64479808
A10: 44716 | B10: 11.44 | C10: 11.43 | D10: 0 | E10: =$K$2 + $K$3*C10 + $K$4*D10 -> 11.692616 | F10: =B10 - E10 -> -0.25261622 | G10: =ABS(F10) -> 0.25261622 | H10: =POWER(F10, 2) -> 0.063814953 | J10: Validation Bias (m) | K10: =AVERAGE(F2:F485) -> 0.17488103
A11: 44717 | B11: 11.45 | C11: 11.44 | D11: 15 | E11: =$K$2 + $K$3*C11 + $K$4*D11 -> 11.951083 | F11: =B11 - E11 -> -0.50108276 | G11: =ABS(F11) -> 0.50108276 | H11: =POWER(F11, 2) -> 0.25108393 | J11: Validation SSE | K11: =SUM(H2:H485) -> 201.23005
A12: 44718 | B12: 11.41 | C12: 11.45 | D12: 0 | E12: =$K$2 + $K$3*C12 + $K$4*D12 -> 11.700679 | F12: =B12 - E12 -> -0.29067921 | G12: =ABS(F12) -> 0.29067921 | H12: =POWER(F12, 2) -> 0.084494404 | J12: Validation SST | K12: =DEVSQ(B2:B485) -> 363.40005
A13: 44719 | B13: 11.4 | C13: 11.41 | D13: 11 | E13: =$K$2 + $K$3*C13 + $K$4*D13 -> 11.871139 | F13: =B13 - E13 -> -0.47113892 | G13: =ABS(F13) -> 0.47113892 | H13: =POWER(F13, 2) -> 0.22197188 | J13: Validation R2 | K13: =1 - (K11 / K12) -> 0.44625751
A14: 44720 | B14: 11.52 | C14: 11.4 | D14: 0 | E14: =$K$2 + $K$3*C14 + $K$4*D14 -> 11.680522 | F14: =B14 - E14 -> -0.16052172 | G14: =ABS(F14) -> 0.16052172 | H14: =POWER(F14, 2) -> 0.025767224
A15: 44721 | B15: 11.35 | C15: 11.52 | D15: 10 | E15: =$K$2 + $K$3*C15 + $K$4*D15 -> 11.898523 | F15: =B15 - E15 -> -0.54852306 | G15: =ABS(F15) -> 0.54852306 | H15: =POWER(F15, 2) -> 0.30087754
A16: 44722 | B16: 11.31 | C16: 11.35 | D16: 0 | E16: =$K$2 + $K$3*C16 + $K$4*D16 -> 11.660364 | F16: =B16 - E16 -> -0.35036424 | G16: =ABS(F16) -> 0.35036424 | H16: =POWER(F16, 2) -> 0.1227551
A17: 44723 | B17: 11.37 | C17: 11.31 | D17: 0 | E17: =$K$2 + $K$3*C17 + $K$4*D17 -> 11.644238 | F17: =B17 - E17 -> -0.27423825 | G17: =ABS(F17) -> 0.27423825 | H17: =POWER(F17, 2) -> 0.075206617
A18: 44724 | B18: 11.46 | C18: 11.37 | D18: 23 | E18: =$K$2 + $K$3*C18 + $K$4*D18 -> 12.058561 | F18: =B18 - E18 -> -0.59856097 | G18: =ABS(F18) -> 0.59856097 | H18: =POWER(F18, 2) -> 0.35827523
A19: 44725 | B19: 11.68 | C19: 11.46 | D19: 0 | E19: =$K$2 + $K$3*C19 + $K$4*D19 -> 11.704711 | F19: =B19 - E19 -> -0.02471071 | G19: =ABS(F19) -> 0.02471071 | H19: =POWER(F19, 2) -> 0.00061061917
A20: 44726 | B20: 11.57 | C20: 11.68 | D20: 1 | E20: =$K$2 + $K$3*C20 + $K$4*D20 -> 11.810366 | F20: =B20 - E20 -> -0.24036599 | G20: =ABS(F20) -> 0.24036599 | H20: =POWER(F20, 2) -> 0.057775809
A21: 44727 | B21: 11.89 | C21: 11.57 | D21: 12 | E21: =$K$2 + $K$3*C21 + $K$4*D21 -> 11.952605 | F21: =B21 - E21 -> -0.062605218 | G21: =ABS(F21) -> 0.062605218 | H21: =POWER(F21, 2) -> 0.0039194133
A22: 44728 | B22: 11.61 | C22: 11.89 | D22: 27 | E22: =$K$2 + $K$3*C22 + $K$4*D22 -> 12.336048 | F22: =B22 - E22 -> -0.72604818 | G22: =ABS(F22) -> 0.72604818 | H22: =POWER(F22, 2) -> 0.52714596
A23: 44729 | B23: 11.52 | C23: 11.61 | D23: 0 | E23: =$K$2 + $K$3*C23 + $K$4*D23 -> 11.765183 | F23: =B23 - E23 -> -0.24518317 | G23: =ABS(F23) -> 0.24518317 | H23: =POWER(F23, 2) -> 0.060114788
A24: 44730 | B24: 11.51 | C24: 11.52 | D24: 0 | E24: =$K$2 + $K$3*C24 + $K$4*D24 -> 11.7289 | F24: =B24 - E24 -> -0.21889969 | G24: =ABS(F24) -> 0.21889969 | H24: =POWER(F24, 2) -> 0.047917076
A25: 44731 | B25: 12.54 | C25: 11.51 | D25: 7 | E25: =$K$2 + $K$3*C25 + $K$4*D25 -> 11.843605 | F25: =B25 - E25 -> 0.69639545 | G25: =ABS(F25) -> 0.69639545 | H25: =POWER(F25, 2) -> 0.48496662
... A485: 45290 | B485: 12.06 | C485: 12.06 | D485: 0 | E485: =$K$2 + $K$3*C485 + $K$4*D485 -> 11.946601 | F485: =B485 - E485 -> 0.11339944 | G485: =ABS(F485) -> 0.11339944 | H485: =POWER(F485, 2) -> 0.012859434

Sheet Val_Cand_08_AR1_Aries
A1: Date | B1: Actual_Y | C1: Sto_Nino_DailyMaxWL_t_1 | D1: Mt_Aries_Rain_t_1 | E1: Pred_Y_Formula | F1: Residual_Formula | G1: Abs_Error_Formula | H1: Sq_Error_Formula | J1: PARAMETER | K1: TRAINED VALUE
A2: 44708 | B2: 11.93 | C2: 11.96 | D2: 1 | E2: =$K$2 + $K$3*C2 + $K$4*D2 -> 11.925866 | F2: =B2 - E2 -> 0.0041340014 | G2: =ABS(F2) -> 0.0041340014 | H2: =POWER(F2, 2) -> 1.7089968e-05 | J2: beta_0 (Intercept) | K2: 7.0870417
A3: 44709 | B3: 11.92 | C3: 11.93 | D3: 0 | E3: =$K$2 + $K$3*C3 + $K$4*D3 -> 11.893706 | F3: =B3 - E3 -> 0.026294397 | G3: =ABS(F3) -> 0.026294397 | H3: =POWER(F3, 2) -> 0.00069139529 | J3: beta_1 (Sto_Nino_DailyMaxWL_t_1) | K3: 0.40290561
A4: 44710 | B4: 11.91 | C4: 11.92 | D4: 1 | E4: =$K$2 + $K$3*C4 + $K$4*D4 -> 11.90975 | F4: =B4 - E4 -> 0.00025022582 | G4: =ABS(F4) -> 0.00025022582 | H4: =POWER(F4, 2) -> 6.2612963e-08 | J4: beta_2 (Mt_Aries_Rain_t_1) | K4: 0.020073227
A5: 44711 | B5: 11.9 | C5: 11.91 | D5: 0 | E5: =$K$2 + $K$3*C5 + $K$4*D5 -> 11.885647 | F5: =B5 - E5 -> 0.014352509 | G5: =ABS(F5) -> 0.014352509 | H5: =POWER(F5, 2) -> 0.00020599451
A6: 44712 | B6: 12.37 | C6: 11.9 | D6: 2 | E6: =$K$2 + $K$3*C6 + $K$4*D6 -> 11.921765 | F6: =B6 - E6 -> 0.44823511 | G6: =ABS(F6) -> 0.44823511 | H6: =POWER(F6, 2) -> 0.20091471 | J6: VALIDATION METRIC | K6: EXCEL FORMULA VALUE
A7: 44713 | B7: 11.45 | C7: 12.37 | D7: 4 | E7: =$K$2 + $K$3*C7 + $K$4*D7 -> 12.151277 | F7: =B7 - E7 -> -0.70127698 | G7: =ABS(F7) -> 0.70127698 | H7: =POWER(F7, 2) -> 0.4917894 | J7: Validation N | K7: =COUNT(B2:B494) -> 493
A8: 44714 | B8: 11.46 | C8: 11.45 | D8: 2 | E8: =$K$2 + $K$3*C8 + $K$4*D8 -> 11.740457 | F8: =B8 - E8 -> -0.28045736 | G8: =ABS(F8) -> 0.28045736 | H8: =POWER(F8, 2) -> 0.078656333 | J8: Validation MAE (m) | K8: =AVERAGE(G2:G494) -> 0.3567565
A9: 44715 | B9: 11.43 | C9: 11.46 | D9: 0 | E9: =$K$2 + $K$3*C9 + $K$4*D9 -> 11.70434 | F9: =B9 - E9 -> -0.27433997 | G9: =ABS(F9) -> 0.27433997 | H9: =POWER(F9, 2) -> 0.075262417 | J9: Validation RMSE (m) | K9: =SQRT(AVERAGE(H2:H494)) -> 0.63437757
A10: 44716 | B10: 11.44 | C10: 11.43 | D10: 0 | E10: =$K$2 + $K$3*C10 + $K$4*D10 -> 11.692253 | F10: =B10 - E10 -> -0.2522528 | G10: =ABS(F10) -> 0.2522528 | H10: =POWER(F10, 2) -> 0.063631474 | J10: Validation Bias (m) | K10: =AVERAGE(F2:F494) -> 0.16974547
A11: 44717 | B11: 11.45 | C11: 11.44 | D11: 0 | E11: =$K$2 + $K$3*C11 + $K$4*D11 -> 11.696282 | F11: =B11 - E11 -> -0.24628185 | G11: =ABS(F11) -> 0.24628185 | H11: =POWER(F11, 2) -> 0.060654752 | J11: Validation SSE | K11: =SUM(H2:H494) -> 198.4004
A12: 44718 | B12: 11.41 | C12: 11.45 | D12: 0 | E12: =$K$2 + $K$3*C12 + $K$4*D12 -> 11.700311 | F12: =B12 - E12 -> -0.29031091 | G12: =ABS(F12) -> 0.29031091 | H12: =POWER(F12, 2) -> 0.084280425 | J12: Validation SST | K12: =DEVSQ(B2:B494) -> 374.23526
A13: 44719 | B13: 11.4 | C13: 11.41 | D13: 1 | E13: =$K$2 + $K$3*C13 + $K$4*D13 -> 11.704268 | F13: =B13 - E13 -> -0.30426791 | G13: =ABS(F13) -> 0.30426791 | H13: =POWER(F13, 2) -> 0.092578963 | J13: Validation R2 | K13: =1 - (K11 / K12) -> 0.46985112
A14: 44720 | B14: 11.52 | C14: 11.4 | D14: 0 | E14: =$K$2 + $K$3*C14 + $K$4*D14 -> 11.680166 | F14: =B14 - E14 -> -0.16016563 | G14: =ABS(F14) -> 0.16016563 | H14: =POWER(F14, 2) -> 0.025653029
A15: 44721 | B15: 11.35 | C15: 11.52 | D15: 2 | E15: =$K$2 + $K$3*C15 + $K$4*D15 -> 11.768661 | F15: =B15 - E15 -> -0.41866076 | G15: =ABS(F15) -> 0.41866076 | H15: =POWER(F15, 2) -> 0.17527683
A16: 44722 | B16: 11.31 | C16: 11.35 | D16: 0 | E16: =$K$2 + $K$3*C16 + $K$4*D16 -> 11.66002 | F16: =B16 - E16 -> -0.35002035 | G16: =ABS(F16) -> 0.35002035 | H16: =POWER(F16, 2) -> 0.12251425
A17: 44723 | B17: 11.37 | C17: 11.31 | D17: 0 | E17: =$K$2 + $K$3*C17 + $K$4*D17 -> 11.643904 | F17: =B17 - E17 -> -0.27390413 | G17: =ABS(F17) -> 0.27390413 | H17: =POWER(F17, 2) -> 0.07502347
A18: 44724 | B18: 11.46 | C18: 11.37 | D18: 0 | E18: =$K$2 + $K$3*C18 + $K$4*D18 -> 11.668078 | F18: =B18 - E18 -> -0.20807846 | G18: =ABS(F18) -> 0.20807846 | H18: =POWER(F18, 2) -> 0.043296646
A19: 44725 | B19: 11.68 | C19: 11.46 | D19: 21 | E19: =$K$2 + $K$3*C19 + $K$4*D19 -> 12.125878 | F19: =B19 - E19 -> -0.44587773 | G19: =ABS(F19) -> 0.44587773 | H19: =POWER(F19, 2) -> 0.19880695
A20: 44726 | B20: 11.57 | C20: 11.68 | D20: 54 | E20: =$K$2 + $K$3*C20 + $K$4*D20 -> 12.876933 | F20: =B20 - E20 -> -1.3069335 | G20: =ABS(F20) -> 1.3069335 | H20: =POWER(F20, 2) -> 1.708075
A21: 44727 | B21: 11.89 | C21: 11.57 | D21: 1 | E21: =$K$2 + $K$3*C21 + $K$4*D21 -> 11.768733 | F21: =B21 - E21 -> 0.12126719 | G21: =ABS(F21) -> 0.12126719 | H21: =POWER(F21, 2) -> 0.014705731
A22: 44728 | B22: 11.61 | C22: 11.89 | D22: 7 | E22: =$K$2 + $K$3*C22 + $K$4*D22 -> 12.018102 | F22: =B22 - E22 -> -0.40810197 | G22: =ABS(F22) -> 0.40810197 | H22: =POWER(F22, 2) -> 0.16654722
A23: 44729 | B23: 11.52 | C23: 11.61 | D23: 0 | E23: =$K$2 + $K$3*C23 + $K$4*D23 -> 11.764776 | F23: =B23 - E23 -> -0.24477581 | G23: =ABS(F23) -> 0.24477581 | H23: =POWER(F23, 2) -> 0.059915196
A24: 44730 | B24: 11.51 | C24: 11.52 | D24: 0 | E24: =$K$2 + $K$3*C24 + $K$4*D24 -> 11.728514 | F24: =B24 - E24 -> -0.2185143 | G24: =ABS(F24) -> 0.2185143 | H24: =POWER(F24, 2) -> 0.047748501
A25: 44731 | B25: 12.54 | C25: 11.51 | D25: 0 | E25: =$K$2 + $K$3*C25 + $K$4*D25 -> 11.724485 | F25: =B25 - E25 -> 0.81551475 | G25: =ABS(F25) -> 0.81551475 | H25: =POWER(F25, 2) -> 0.66506431
... A494: 45290 | B494: 12.06 | C494: 12.06 | D494: 0 | E494: =$K$2 + $K$3*C494 + $K$4*D494 -> 11.946083 | F494: =B494 - E494 -> 0.11391667 | G494: =ABS(F494) -> 0.11391667 | H494: =POWER(F494, 2) -> 0.012977007

Sheet Val_Cand_09_AR2_Boso
A1: Date | B1: Actual_Y | C1: Sto_Nino_DailyMaxWL_t_1 | D1: Sto_Nino_DailyMaxWL_t_3 | E1: Mt_BosoBoso_Rain_t_1 | F1: Pred_Y_Formula | G1: Residual_Formula | H1: Abs_Error_Formula | I1: Sq_Error_Formula | K1: PARAMETER | L1: TRAINED VALUE
A2: 44708 | B2: 11.93 | C2: 11.96 | D2: 11.99 | E2: 0 | F2: =$L$2 + $L$3*C2 + $L$4*D2 + $L$5*E2 -> 11.894465 | G2: =B2 - F2 -> 0.035534804 | H2: =ABS(G2) -> 0.035534804 | I2: =POWER(G2, 2) -> 0.0012627223 | K2: beta_0 (Intercept) | L2: 5.197605
A3: 44709 | B3: 11.92 | C3: 11.93 | D3: 11.56 | E3: 0 | F3: =$L$2 + $L$3*C3 + $L$4*D3 + $L$5*E3 -> 11.778327 | G3: =B3 - F3 -> 0.14167288 | H3: =ABS(G3) -> 0.14167288 | I3: =POWER(G3, 2) -> 0.020071205 | K3: beta_1 (Sto_Nino_DailyMaxWL_t_1) | L3: 0.31091852
A4: 44710 | B4: 11.91 | C4: 11.92 | D4: 11.96 | E4: 3 | F4: =$L$2 + $L$3*C4 + $L$4*D4 + $L$5*E4 -> 11.93446 | G4: =B4 - F4 -> -0.024459973 | H4: =ABS(G4) -> 0.024459973 | I4: =POWER(G4, 2) -> 0.00059829027 | K4: beta_2 (Sto_Nino_DailyMaxWL_t_3) | L4: 0.24839656
A5: 44711 | B5: 11.9 | C5: 11.91 | D5: 11.93 | E5: 1 | F5: =$L$2 + $L$3*C5 + $L$4*D5 + $L$5*E5 -> 11.883977 | G5: =B5 - F5 -> 0.016023385 | H5: =ABS(G5) -> 0.016023385 | I5: =POWER(G5, 2) -> 0.00025674888 | K5: beta_3 (Mt_BosoBoso_Rain_t_1) | L5: 0.019961138
A6: 44712 | B6: 12.37 | C6: 11.9 | D6: 11.92 | E6: 3 | F6: =$L$2 + $L$3*C6 + $L$4*D6 + $L$5*E6 -> 11.918306 | G6: =B6 - F6 -> 0.45169426 | H6: =ABS(G6) -> 0.45169426 | I6: =POWER(G6, 2) -> 0.2040277
A7: 44713 | B7: 11.45 | C7: 12.37 | D7: 11.91 | E7: 3 | F7: =$L$2 + $L$3*C7 + $L$4*D7 + $L$5*E7 -> 12.061953 | G7: =B7 - F7 -> -0.61195348 | H7: =ABS(G7) -> 0.61195348 | I7: =POWER(G7, 2) -> 0.37448706 | K7: VALIDATION METRIC | L7: EXCEL FORMULA VALUE
A8: 44714 | B8: 11.46 | C8: 11.45 | D8: 11.9 | E8: 1 | F8: =$L$2 + $L$3*C8 + $L$4*D8 + $L$5*E8 -> 11.733502 | G8: =B8 - F8 -> -0.2735022 | H8: =ABS(G8) -> 0.2735022 | I8: =POWER(G8, 2) -> 0.074803453 | K8: Validation N | L8: =COUNT(B2:B481) -> 480
A9: 44715 | B9: 11.43 | C9: 11.46 | D9: 12.37 | E9: 1 | F9: =$L$2 + $L$3*C9 + $L$4*D9 + $L$5*E9 -> 11.853358 | G9: =B9 - F9 -> -0.42335777 | H9: =ABS(G9) -> 0.42335777 | I9: =POWER(G9, 2) -> 0.1792318 | K9: Validation MAE (m) | L9: =AVERAGE(H2:H481) -> 0.33676363
A10: 44716 | B10: 11.44 | C10: 11.43 | D10: 11.45 | E10: 0 | F10: =$L$2 + $L$3*C10 + $L$4*D10 + $L$5*E10 -> 11.595544 | G10: =B10 - F10 -> -0.15554424 | H10: =ABS(G10) -> 0.15554424 | I10: =POWER(G10, 2) -> 0.02419401 | K10: Validation RMSE (m) | L10: =SQRT(AVERAGE(I2:I481)) -> 0.61788901
A11: 44717 | B11: 11.45 | C11: 11.44 | D11: 11.46 | E11: 0 | F11: =$L$2 + $L$3*C11 + $L$4*D11 + $L$5*E11 -> 11.601137 | G11: =B11 - F11 -> -0.15113739 | H11: =ABS(G11) -> 0.15113739 | I11: =POWER(G11, 2) -> 0.022842511 | K11: Validation Bias (m) | L11: =AVERAGE(G2:G481) -> 0.12497956
A12: 44718 | B12: 11.41 | C12: 11.45 | D12: 11.43 | E12: 0 | F12: =$L$2 + $L$3*C12 + $L$4*D12 + $L$5*E12 -> 11.596795 | G12: =B12 - F12 -> -0.18679468 | H12: =ABS(G12) -> 0.18679468 | I12: =POWER(G12, 2) -> 0.034892252 | K12: Validation SSE | L12: =SUM(I2:I481) -> 183.25768
A13: 44719 | B13: 11.4 | C13: 11.41 | D13: 11.44 | E13: 1 | F13: =$L$2 + $L$3*C13 + $L$4*D13 + $L$5*E13 -> 11.606803 | G13: =B13 - F13 -> -0.20680304 | H13: =ABS(G13) -> 0.20680304 | I13: =POWER(G13, 2) -> 0.042767498 | K13: Validation SST | L13: =DEVSQ(B2:B481) -> 386.13384
A14: 44720 | B14: 11.52 | C14: 11.4 | D14: 11.45 | E14: 0 | F14: =$L$2 + $L$3*C14 + $L$4*D14 + $L$5*E14 -> 11.586217 | G14: =B14 - F14 -> -0.066216683 | H14: =ABS(G14) -> 0.066216683 | I14: =POWER(G14, 2) -> 0.0043846491 | K14: Validation R2 | L14: =1 - (L12 / L13) -> 0.52540374
A15: 44721 | B15: 11.35 | C15: 11.52 | D15: 11.41 | E15: 14 | F15: =$L$2 + $L$3*C15 + $L$4*D15 + $L$5*E15 -> 11.893047 | G15: =B15 - F15 -> -0.54304698 | H15: =ABS(G15) -> 0.54304698 | I15: =POWER(G15, 2) -> 0.29490002
A16: 44722 | B16: 11.31 | C16: 11.35 | D16: 11.4 | E16: 0 | F16: =$L$2 + $L$3*C16 + $L$4*D16 + $L$5*E16 -> 11.558251 | G16: =B16 - F16 -> -0.24825093 | H16: =ABS(G16) -> 0.24825093 | I16: =POWER(G16, 2) -> 0.061628524
A17: 44723 | B17: 11.37 | C17: 11.31 | D17: 11.52 | E17: 0 | F17: =$L$2 + $L$3*C17 + $L$4*D17 + $L$5*E17 -> 11.575622 | G17: =B17 - F17 -> -0.20562178 | H17: =ABS(G17) -> 0.20562178 | I17: =POWER(G17, 2) -> 0.042280315
A18: 44724 | B18: 11.46 | C18: 11.37 | D18: 11.35 | E18: 3 | F18: =$L$2 + $L$3*C18 + $L$4*D18 + $L$5*E18 -> 11.611933 | G18: =B18 - F18 -> -0.15193289 | H18: =ABS(G18) -> 0.15193289 | I18: =POWER(G18, 2) -> 0.023083602
A19: 44725 | B19: 11.68 | C19: 11.46 | D19: 11.31 | E19: 2 | F19: =$L$2 + $L$3*C19 + $L$4*D19 + $L$5*E19 -> 11.610019 | G19: =B19 - F19 -> 0.069981448 | H19: =ABS(G19) -> 0.069981448 | I19: =POWER(G19, 2) -> 0.004897403
A20: 44726 | B20: 11.57 | C20: 11.68 | D20: 11.37 | E20: 31 | F20: =$L$2 + $L$3*C20 + $L$4*D20 + $L$5*E20 -> 12.272197 | G20: =B20 - F20 -> -0.70219743 | H20: =ABS(G20) -> 0.70219743 | I20: =POWER(G20, 2) -> 0.49308123
A21: 44727 | B21: 11.89 | C21: 11.57 | D21: 11.46 | E21: 6 | F21: =$L$2 + $L$3*C21 + $L$4*D21 + $L$5*E21 -> 11.761324 | G21: =B21 - F21 -> 0.12867637 | H21: =ABS(G21) -> 0.12867637 | I21: =POWER(G21, 2) -> 0.016557609
A22: 44728 | B22: 11.61 | C22: 11.89 | D22: 11.68 | E22: 5 | F22: =$L$2 + $L$3*C22 + $L$4*D22 + $L$5*E22 -> 11.895504 | G22: =B22 - F22 -> -0.28550366 | H22: =ABS(G22) -> 0.28550366 | I22: =POWER(G22, 2) -> 0.081512338
A23: 44729 | B23: 11.52 | C23: 11.61 | D23: 11.57 | E23: 0 | F23: =$L$2 + $L$3*C23 + $L$4*D23 + $L$5*E23 -> 11.681317 | G23: =B23 - F23 -> -0.16131716 | H23: =ABS(G23) -> 0.16131716 | I23: =POWER(G23, 2) -> 0.026023226
A24: 44730 | B24: 11.51 | C24: 11.52 | D24: 11.89 | E24: 0 | F24: =$L$2 + $L$3*C24 + $L$4*D24 + $L$5*E24 -> 11.732821 | G24: =B24 - F24 -> -0.22282139 | H24: =ABS(G24) -> 0.22282139 | I24: =POWER(G24, 2) -> 0.049649373
A25: 44731 | B25: 12.54 | C25: 11.51 | D25: 11.61 | E25: 0 | F25: =$L$2 + $L$3*C25 + $L$4*D25 + $L$5*E25 -> 11.660161 | G25: =B25 - F25 -> 0.87983883 | H25: =ABS(G25) -> 0.87983883 | I25: =POWER(G25, 2) -> 0.77411637
A26: 44732 | B26: 11.68 | C26: 12.54 | D26: 11.52 | E26: 56 | F26: =$L$2 + $L$3*C26 + $L$4*D26 + $L$5*E26 -> 13.075875 | G26: =B26 - F26 -> -1.3958753 | H26: =ABS(G26) -> 1.3958753 | I26: =POWER(G26, 2) -> 1.9484678
... A481: 45290 | B481: 12.06 | C481: 12.06 | D481: 12.07 | E481: 0 | F481: =$L$2 + $L$3*C481 + $L$4*D481 + $L$5*E481 -> 11.945429 | G481: =B481 - F481 -> 0.11457123 | H481: =ABS(G481) -> 0.11457123 | I481: =POWER(G481, 2) -> 0.013126566

Sheet Val_Cand_10_Model_A_Oro
A1: Date | B1: Actual_Y | C1: Sto_Nino_DailyMaxWL_t_1 | D1: Sto_Nino_DailyMaxWL_t_3 | E1: Mt_Oro_Rain_t_1 | F1: Pred_Y_Formula | G1: Residual_Formula | H1: Abs_Error_Formula | I1: Sq_Error_Formula | K1: PARAMETER | L1: TRAINED VALUE
A2: 44708 | B2: 11.93 | C2: 11.96 | D2: 11.99 | E2: 5 | F2: =$L$2 + $L$3*C2 + $L$4*D2 + $L$5*E2 -> 11.978086 | G2: =B2 - F2 -> -0.048086303 | H2: =ABS(G2) -> 0.048086303 | I2: =POWER(G2, 2) -> 0.0023122926 | K2: beta_0 (Intercept) | L2: 5.2034777
A3: 44709 | B3: 11.92 | C3: 11.93 | D3: 11.56 | E3: 7 | F3: =$L$2 + $L$3*C3 + $L$4*D3 + $L$5*E3 -> 11.892604 | G3: =B3 - F3 -> 0.027395966 | H3: =ABS(G3) -> 0.027395966 | I3: =POWER(G3, 2) -> 0.00075053897 | K3: beta_1 (Sto_Nino_DailyMaxWL_t_1) | L3: 0.31118732
A4: 44710 | B4: 11.91 | C4: 11.92 | D4: 11.96 | E4: 0 | F4: =$L$2 + $L$3*C4 + $L$4*D4 + $L$5*E4 -> 11.881707 | G4: =B4 - F4 -> 0.028292936 | H4: =ABS(G4) -> 0.028292936 | I4: =POWER(G4, 2) -> 0.00080049024 | K4: beta_2 (Sto_Nino_DailyMaxWL_t_3) | L4: 0.24823382
A5: 44711 | B5: 11.9 | C5: 11.91 | D5: 11.93 | E5: 0 | F5: =$L$2 + $L$3*C5 + $L$4*D5 + $L$5*E5 -> 11.871148 | G5: =B5 - F5 -> 0.028851824 | H5: =ABS(G5) -> 0.028851824 | I5: =POWER(G5, 2) -> 0.00083242774 | K5: beta_3 (Mt_Oro_Rain_t_1) | L5: 0.015296946
A6: 44712 | B6: 12.37 | C6: 11.9 | D6: 11.92 | E6: 0 | F6: =$L$2 + $L$3*C6 + $L$4*D6 + $L$5*E6 -> 11.865554 | G6: =B6 - F6 -> 0.50444604 | H6: =ABS(G6) -> 0.50444604 | I6: =POWER(G6, 2) -> 0.2544658
A7: 44713 | B7: 11.45 | C7: 12.37 | D7: 11.91 | E7: 1 | F7: =$L$2 + $L$3*C7 + $L$4*D7 + $L$5*E7 -> 12.024627 | G7: =B7 - F7 -> -0.57462661 | H7: =ABS(G7) -> 0.57462661 | I7: =POWER(G7, 2) -> 0.33019574 | K7: VALIDATION METRIC | L7: EXCEL FORMULA VALUE
A8: 44714 | B8: 11.46 | C8: 11.45 | D8: 11.9 | E8: 3 | F8: =$L$2 + $L$3*C8 + $L$4*D8 + $L$5*E8 -> 11.766446 | G8: =B8 - F8 -> -0.30644583 | H8: =ABS(G8) -> 0.30644583 | I8: =POWER(G8, 2) -> 0.09390905 | K8: Validation N | L8: =COUNT(B2:B458) -> 457
A9: 44715 | B9: 11.43 | C9: 11.46 | D9: 12.37 | E9: 1 | F9: =$L$2 + $L$3*C9 + $L$4*D9 + $L$5*E9 -> 11.855634 | G9: =B9 - F9 -> -0.42563371 | H9: =ABS(G9) -> 0.42563371 | I9: =POWER(G9, 2) -> 0.18116406 | K9: Validation MAE (m) | L9: =AVERAGE(H2:H458) -> 0.32665534
A10: 44716 | B10: 11.44 | C10: 11.43 | D10: 11.45 | E10: 0 | F10: =$L$2 + $L$3*C10 + $L$4*D10 + $L$5*E10 -> 11.602626 | G10: =B10 - F10 -> -0.16262603 | H10: =ABS(G10) -> 0.16262603 | I10: =POWER(G10, 2) -> 0.026447226 | K10: Validation RMSE (m) | L10: =SQRT(AVERAGE(I2:I458)) -> 0.61194561
A11: 44717 | B11: 11.45 | C11: 11.44 | D11: 11.46 | E11: 15 | F11: =$L$2 + $L$3*C11 + $L$4*D11 + $L$5*E11 -> 11.837674 | G11: =B11 - F11 -> -0.38767444 | H11: =ABS(G11) -> 0.38767444 | I11: =POWER(G11, 2) -> 0.15029147 | K11: Validation Bias (m) | L11: =AVERAGE(G2:G458) -> 0.13910702
A12: 44718 | B12: 11.41 | C12: 11.45 | D12: 11.43 | E12: 0 | F12: =$L$2 + $L$3*C12 + $L$4*D12 + $L$5*E12 -> 11.603885 | G12: =B12 - F12 -> -0.1938851 | H12: =ABS(G12) -> 0.1938851 | I12: =POWER(G12, 2) -> 0.037591432 | K12: Validation SSE | L12: =SUM(I2:I458) -> 171.13618
A13: 44719 | B13: 11.4 | C13: 11.41 | D13: 11.44 | E13: 11 | F13: =$L$2 + $L$3*C13 + $L$4*D13 + $L$5*E13 -> 11.762186 | G13: =B13 - F13 -> -0.36218636 | H13: =ABS(G13) -> 0.36218636 | I13: =POWER(G13, 2) -> 0.13117896 | K13: Validation SST | L13: =DEVSQ(B2:B458) -> 360.073
A14: 44720 | B14: 11.52 | C14: 11.4 | D14: 11.45 | E14: 0 | F14: =$L$2 + $L$3*C14 + $L$4*D14 + $L$5*E14 -> 11.59329 | G14: =B14 - F14 -> -0.07329041 | H14: =ABS(G14) -> 0.07329041 | I14: =POWER(G14, 2) -> 0.0053714842 | K14: Validation R2 | L14: =1 - (L12 / L13) -> 0.52471809
A15: 44721 | B15: 11.35 | C15: 11.52 | D15: 11.41 | E15: 10 | F15: =$L$2 + $L$3*C15 + $L$4*D15 + $L$5*E15 -> 11.773673 | G15: =B15 - F15 -> -0.423673 | H15: =ABS(G15) -> 0.423673 | I15: =POWER(G15, 2) -> 0.17949881
A16: 44722 | B16: 11.31 | C16: 11.35 | D16: 11.4 | E16: 0 | F16: =$L$2 + $L$3*C16 + $L$4*D16 + $L$5*E16 -> 11.565319 | G16: =B16 - F16 -> -0.25531935 | H16: =ABS(G16) -> 0.25531935 | I16: =POWER(G16, 2) -> 0.065187972
A17: 44723 | B17: 11.37 | C17: 11.31 | D17: 11.52 | E17: 0 | F17: =$L$2 + $L$3*C17 + $L$4*D17 + $L$5*E17 -> 11.58266 | G17: =B17 - F17 -> -0.21265992 | H17: =ABS(G17) -> 0.21265992 | I17: =POWER(G17, 2) -> 0.045224241
A18: 44724 | B18: 11.46 | C18: 11.37 | D18: 11.35 | E18: 23 | F18: =$L$2 + $L$3*C18 + $L$4*D18 + $L$5*E18 -> 11.910961 | G18: =B18 - F18 -> -0.45096118 | H18: =ABS(G18) -> 0.45096118 | I18: =POWER(G18, 2) -> 0.20336598
A19: 44725 | B19: 11.68 | C19: 11.46 | D19: 11.31 | E19: 0 | F19: =$L$2 + $L$3*C19 + $L$4*D19 + $L$5*E19 -> 11.577209 | G19: =B19 - F19 -> 0.10279109 | H19: =ABS(G19) -> 0.10279109 | I19: =POWER(G19, 2) -> 0.010566007
A20: 44726 | B20: 11.57 | C20: 11.68 | D20: 11.37 | E20: 1 | F20: =$L$2 + $L$3*C20 + $L$4*D20 + $L$5*E20 -> 11.675861 | G20: =B20 - F20 -> -0.1058611 | H20: =ABS(G20) -> 0.1058611 | I20: =POWER(G20, 2) -> 0.011206572
A21: 44727 | B21: 11.89 | C21: 11.57 | D21: 11.46 | E21: 12 | F21: =$L$2 + $L$3*C21 + $L$4*D21 + $L$5*E21 -> 11.832238 | G21: =B21 - F21 -> 0.05776205 | H21: =ABS(G21) -> 0.05776205 | I21: =POWER(G21, 2) -> 0.0033364545
A22: 44728 | B22: 11.61 | C22: 11.89 | D22: 11.68 | E22: 27 | F22: =$L$2 + $L$3*C22 + $L$4*D22 + $L$5*E22 -> 12.215884 | G22: =B22 - F22 -> -0.60588353 | H22: =ABS(G22) -> 0.60588353 | I22: =POWER(G22, 2) -> 0.36709485
A23: 44729 | B23: 11.52 | C23: 11.61 | D23: 11.57 | E23: 0 | F23: =$L$2 + $L$3*C23 + $L$4*D23 + $L$5*E23 -> 11.688428 | G23: =B23 - F23 -> -0.16842781 | H23: =ABS(G23) -> 0.16842781 | I23: =POWER(G23, 2) -> 0.028367926
A24: 44730 | B24: 11.51 | C24: 11.52 | D24: 11.89 | E24: 0 | F24: =$L$2 + $L$3*C24 + $L$4*D24 + $L$5*E24 -> 11.739856 | G24: =B24 - F24 -> -0.22985577 | H24: =ABS(G24) -> 0.22985577 | I24: =POWER(G24, 2) -> 0.052833675
A25: 44731 | B25: 12.54 | C25: 11.51 | D25: 11.61 | E25: 7 | F25: =$L$2 + $L$3*C25 + $L$4*D25 + $L$5*E25 -> 11.774317 | G25: =B25 - F25 -> 0.76568295 | H25: =ABS(G25) -> 0.76568295 | I25: =POWER(G25, 2) -> 0.58627038
A26: 44732 | B26: 11.68 | C26: 12.54 | D26: 11.52 | E26: 1 | F26: =$L$2 + $L$3*C26 + $L$4*D26 + $L$5*E26 -> 11.980717 | G26: =B26 - F26 -> -0.30071727 | H26: =ABS(G26) -> 0.30071727 | I26: =POWER(G26, 2) -> 0.090430874
... A458: 45290 | B458: 12.06 | C458: 12.06 | D458: 12.07 | E458: 0 | F458: =$L$2 + $L$3*C458 + $L$4*D458 + $L$5*E458 -> 11.952579 | G458: =B458 - F458 -> 0.10742099 | H458: =ABS(G458) -> 0.10742099 | I458: =POWER(G458, 2) -> 0.011539269

Sheet Val_Cand_11_AR2_Campana
A1: Date | B1: Actual_Y | C1: Sto_Nino_DailyMaxWL_t_1 | D1: Sto_Nino_DailyMaxWL_t_3 | E1: Mt_Campana_Rain_t_1 | F1: Pred_Y_Formula | G1: Residual_Formula | H1: Abs_Error_Formula | I1: Sq_Error_Formula | K1: PARAMETER | L1: TRAINED VALUE
A2: 44708 | B2: 11.93 | C2: 11.96 | D2: 11.99 | E2: 1 | F2: =$L$2 + $L$3*C2 + $L$4*D2 + $L$5*E2 -> 12.052406 | G2: =B2 - F2 -> -0.1224056 | H2: =ABS(G2) -> 0.1224056 | I2: =POWER(G2, 2) -> 0.014983131 | K2: beta_0 (Intercept) | L2: 3.6762724
A3: 44709 | B3: 11.92 | C3: 11.93 | D3: 11.56 | E3: 0 | F3: =$L$2 + $L$3*C3 + $L$4*D3 + $L$5*E3 -> 11.988858 | G3: =B3 - F3 -> -0.06885811 | H3: =ABS(G3) -> 0.06885811 | I3: =POWER(G3, 2) -> 0.0047414393 | K3: beta_1 (Sto_Nino_DailyMaxWL_t_1) | L3: 0.61570167
A4: 44710 | B4: 11.91 | C4: 11.92 | D4: 11.96 | E4: 10 | F4: =$L$2 + $L$3*C4 + $L$4*D4 + $L$5*E4 -> 12.107139 | G4: =B4 - F4 -> -0.19713914 | H4: =ABS(G4) -> 0.19713914 | I4: =POWER(G4, 2) -> 0.03886384 | K4: beta_2 (Sto_Nino_DailyMaxWL_t_3) | L4: 0.083673429
A5: 44711 | B5: 11.9 | C5: 11.91 | D5: 11.93 | E5: 2 | F5: =$L$2 + $L$3*C5 + $L$4*D5 + $L$5*E5 -> 12.025697 | G5: =B5 - F5 -> -0.12569698 | H5: =ABS(G5) -> 0.12569698 | I5: =POWER(G5, 2) -> 0.015799731 | K5: beta_3 (Mt_Campana_Rain_t_1) | L5: 0.0090968674
A6: 44712 | B6: 12.37 | C6: 11.9 | D6: 11.92 | E6: 0 | F6: =$L$2 + $L$3*C6 + $L$4*D6 + $L$5*E6 -> 12.000509 | G6: =B6 - F6 -> 0.36949051 | H6: =ABS(G6) -> 0.36949051 | I6: =POWER(G6, 2) -> 0.13652323
A7: 44713 | B7: 11.45 | C7: 12.37 | D7: 11.91 | E7: 3 | F7: =$L$2 + $L$3*C7 + $L$4*D7 + $L$5*E7 -> 12.316343 | G7: =B7 - F7 -> -0.86634315 | H7: =ABS(G7) -> 0.86634315 | I7: =POWER(G7, 2) -> 0.75055045 | K7: VALIDATION METRIC | L7: EXCEL FORMULA VALUE
A8: 44714 | B8: 11.46 | C8: 11.45 | D8: 11.9 | E8: 1 | F8: =$L$2 + $L$3*C8 + $L$4*D8 + $L$5*E8 -> 11.730867 | G8: =B8 - F8 -> -0.27086714 | H8: =ABS(G8) -> 0.27086714 | I8: =POWER(G8, 2) -> 0.073369009 | K8: Validation N | L8: =COUNT(B2:B480) -> 479
A9: 44715 | B9: 11.43 | C9: 11.46 | D9: 12.37 | E9: 0 | F9: =$L$2 + $L$3*C9 + $L$4*D9 + $L$5*E9 -> 11.767254 | G9: =B9 - F9 -> -0.3372538 | H9: =ABS(G9) -> 0.3372538 | I9: =POWER(G9, 2) -> 0.11374013 | K9: Validation MAE (m) | L9: =AVERAGE(H2:H480) -> 0.30199503
A10: 44716 | B10: 11.44 | C10: 11.43 | D10: 11.45 | E10: 0 | F10: =$L$2 + $L$3*C10 + $L$4*D10 + $L$5*E10 -> 11.671803 | G10: =B10 - F10 -> -0.2318032 | H10: =ABS(G10) -> 0.2318032 | I10: =POWER(G10, 2) -> 0.053732723 | K10: Validation RMSE (m) | L10: =SQRT(AVERAGE(I2:I480)) -> 0.57620527
A11: 44717 | B11: 11.45 | C11: 11.44 | D11: 11.46 | E11: 6 | F11: =$L$2 + $L$3*C11 + $L$4*D11 + $L$5*E11 -> 11.733378 | G11: =B11 - F11 -> -0.28337815 | H11: =ABS(G11) -> 0.28337815 | I11: =POWER(G11, 2) -> 0.080303178 | K11: Validation Bias (m) | L11: =AVERAGE(G2:G480) -> -0.0074385603
A12: 44718 | B12: 11.41 | C12: 11.45 | D12: 11.43 | E12: 1 | F12: =$L$2 + $L$3*C12 + $L$4*D12 + $L$5*E12 -> 11.691541 | G12: =B12 - F12 -> -0.28154063 | H12: =ABS(G12) -> 0.28154063 | I12: =POWER(G12, 2) -> 0.079265127 | K12: Validation SSE | L12: =SUM(I2:I480) -> 159.03399
A13: 44719 | B13: 11.4 | C13: 11.41 | D13: 11.44 | E13: 32 | F13: =$L$2 + $L$3*C13 + $L$4*D13 + $L$5*E13 -> 11.949752 | G13: =B13 - F13 -> -0.54975219 | H13: =ABS(G13) -> 0.54975219 | I13: =POWER(G13, 2) -> 0.30222747 | K13: Validation SST | L13: =DEVSQ(B2:B480) -> 385.88444
A14: 44720 | B14: 11.52 | C14: 11.4 | D14: 11.45 | E14: 0 | F14: =$L$2 + $L$3*C14 + $L$4*D14 + $L$5*E14 -> 11.653332 | G14: =B14 - F14 -> -0.13333215 | H14: =ABS(G14) -> 0.13333215 | I14: =POWER(G14, 2) -> 0.017777462 | K14: Validation R2 | L14: =1 - (L12 / L13) -> 0.58787146
A15: 44721 | B15: 11.35 | C15: 11.52 | D15: 11.41 | E15: 9 | F15: =$L$2 + $L$3*C15 + $L$4*D15 + $L$5*E15 -> 11.805741 | G15: =B15 - F15 -> -0.45574122 | H15: =ABS(G15) -> 0.45574122 | I15: =POWER(G15, 2) -> 0.20770006
A16: 44722 | B16: 11.31 | C16: 11.35 | D16: 11.4 | E16: 0 | F16: =$L$2 + $L$3*C16 + $L$4*D16 + $L$5*E16 -> 11.618363 | G16: =B16 - F16 -> -0.30836339 | H16: =ABS(G16) -> 0.30836339 | I16: =POWER(G16, 2) -> 0.095087983
A17: 44723 | B17: 11.37 | C17: 11.31 | D17: 11.52 | E17: 0 | F17: =$L$2 + $L$3*C17 + $L$4*D17 + $L$5*E17 -> 11.603776 | G17: =B17 - F17 -> -0.23377614 | H17: =ABS(G17) -> 0.23377614 | I17: =POWER(G17, 2) -> 0.054651283
A18: 44724 | B18: 11.46 | C18: 11.37 | D18: 11.35 | E18: 0 | F18: =$L$2 + $L$3*C18 + $L$4*D18 + $L$5*E18 -> 11.626494 | G18: =B18 - F18 -> -0.16649376 | H18: =ABS(G18) -> 0.16649376 | I18: =POWER(G18, 2) -> 0.027720171
A19: 44725 | B19: 11.68 | C19: 11.46 | D19: 11.31 | E19: 0 | F19: =$L$2 + $L$3*C19 + $L$4*D19 + $L$5*E19 -> 11.67856 | G19: =B19 - F19 -> 0.0014400315 | H19: =ABS(G19) -> 0.0014400315 | I19: =POWER(G19, 2) -> 2.0736908e-06
A20: 44726 | B20: 11.57 | C20: 11.68 | D20: 11.37 | E20: 38 | F20: =$L$2 + $L$3*C20 + $L$4*D20 + $L$5*E20 -> 12.164716 | G20: =B20 - F20 -> -0.5947157 | H20: =ABS(G20) -> 0.5947157 | I20: =POWER(G20, 2) -> 0.35368677
A21: 44727 | B21: 11.89 | C21: 11.57 | D21: 11.46 | E21: 0 | F21: =$L$2 + $L$3*C21 + $L$4*D21 + $L$5*E21 -> 11.758838 | G21: =B21 - F21 -> 0.13116183 | H21: =ABS(G21) -> 0.13116183 | I21: =POWER(G21, 2) -> 0.017203427
A22: 44728 | B22: 11.61 | C22: 11.89 | D22: 11.68 | E22: 1 | F22: =$L$2 + $L$3*C22 + $L$4*D22 + $L$5*E22 -> 11.983368 | G22: =B22 - F22 -> -0.37336772 | H22: =ABS(G22) -> 0.37336772 | I22: =POWER(G22, 2) -> 0.13940346
A23: 44729 | B23: 11.52 | C23: 11.61 | D23: 11.57 | E23: 29 | F23: =$L$2 + $L$3*C23 + $L$4*D23 + $L$5*E23 -> 12.056479 | G23: =B23 - F23 -> -0.53647947 | H23: =ABS(G23) -> 0.53647947 | I23: =POWER(G23, 2) -> 0.28781022
A24: 44730 | B24: 11.51 | C24: 11.52 | D24: 11.89 | E24: 0 | F24: =$L$2 + $L$3*C24 + $L$4*D24 + $L$5*E24 -> 11.764033 | G24: =B24 - F24 -> -0.25403266 | H24: =ABS(G24) -> 0.25403266 | I24: =POWER(G24, 2) -> 0.064532591
A25: 44731 | B25: 12.54 | C25: 11.51 | D25: 11.61 | E25: 6 | F25: =$L$2 + $L$3*C25 + $L$4*D25 + $L$5*E25 -> 11.789028 | G25: =B25 - F25 -> 0.75097172 | H25: =ABS(G25) -> 0.75097172 | I25: =POWER(G25, 2) -> 0.56395852
A26: 44732 | B26: 11.68 | C26: 12.54 | D26: 11.52 | E26: 0 | F26: =$L$2 + $L$3*C26 + $L$4*D26 + $L$5*E26 -> 12.361089 | G26: =B26 - F26 -> -0.68108919 | H26: =ABS(G26) -> 0.68108919 | I26: =POWER(G26, 2) -> 0.46388248
... A480: 45290 | B480: 12.06 | C480: 12.06 | D480: 12.07 | E480: 0 | F480: =$L$2 + $L$3*C480 + $L$4*D480 + $L$5*E480 -> 12.111573 | G480: =B480 - F480 -> -0.051572775 | H480: =ABS(G480) -> 0.051572775 | I480: =POWER(G480, 2) -> 0.0026597511

Sheet Val_Cand_12_AR2_Aries
A1: Date | B1: Actual_Y | C1: Sto_Nino_DailyMaxWL_t_1 | D1: Sto_Nino_DailyMaxWL_t_3 | E1: Mt_Aries_Rain_t_1 | F1: Pred_Y_Formula | G1: Residual_Formula | H1: Abs_Error_Formula | I1: Sq_Error_Formula | K1: PARAMETER | L1: TRAINED VALUE
A2: 44708 | B2: 11.93 | C2: 11.96 | D2: 11.99 | E2: 1 | F2: =$L$2 + $L$3*C2 + $L$4*D2 + $L$5*E2 -> 11.914331 | G2: =B2 - F2 -> 0.015668779 | H2: =ABS(G2) -> 0.015668779 | I2: =POWER(G2, 2) -> 0.00024551064 | K2: beta_0 (Intercept) | L2: 5.2024305
A3: 44709 | B3: 11.92 | C3: 11.93 | D3: 11.56 | E3: 0 | F3: =$L$2 + $L$3*C3 + $L$4*D3 + $L$5*E3 -> 11.779106 | G3: =B3 - F3 -> 0.1408936 | H3: =ABS(G3) -> 0.1408936 | I3: =POWER(G3, 2) -> 0.019851006 | K3: beta_1 (Sto_Nino_DailyMaxWL_t_1) | L3: 0.31014228
A4: 44710 | B4: 11.91 | C4: 11.92 | D4: 11.96 | E4: 1 | F4: =$L$2 + $L$3*C4 + $L$4*D4 + $L$5*E4 -> 11.89446 | G4: =B4 - F4 -> 0.015539899 | H4: =ABS(G4) -> 0.015539899 | I4: =POWER(G4, 2) -> 0.00024148846 | K4: beta_2 (Sto_Nino_DailyMaxWL_t_3) | L4: 0.24884762
A5: 44711 | B5: 11.9 | C5: 11.91 | D5: 11.93 | E5: 0 | F5: =$L$2 + $L$3*C5 + $L$4*D5 + $L$5*E5 -> 11.864977 | G5: =B5 - F5 -> 0.035022822 | H5: =ABS(G5) -> 0.035022822 | I5: =POWER(G5, 2) -> 0.001226598 | K5: beta_3 (Mt_Aries_Rain_t_1) | L5: 0.018916071
A6: 44712 | B6: 12.37 | C6: 11.9 | D6: 11.92 | E6: 2 | F6: =$L$2 + $L$3*C6 + $L$4*D6 + $L$5*E6 -> 11.897219 | G6: =B6 - F6 -> 0.47278058 | H6: =ABS(G6) -> 0.47278058 | I6: =POWER(G6, 2) -> 0.22352148
A7: 44713 | B7: 11.45 | C7: 12.37 | D7: 11.91 | E7: 4 | F7: =$L$2 + $L$3*C7 + $L$4*D7 + $L$5*E7 -> 12.07833 | G7: =B7 - F7 -> -0.62832996 | H7: =ABS(G7) -> 0.62832996 | I7: =POWER(G7, 2) -> 0.39479854 | K7: VALIDATION METRIC | L7: EXCEL FORMULA VALUE
A8: 44714 | B8: 11.46 | C8: 11.45 | D8: 11.9 | E8: 2 | F8: =$L$2 + $L$3*C8 + $L$4*D8 + $L$5*E8 -> 11.752678 | G8: =B8 - F8 -> -0.29267844 | H8: =ABS(G8) -> 0.29267844 | I8: =POWER(G8, 2) -> 0.085660671 | K8: Validation N | L8: =COUNT(B2:B467) -> 466
A9: 44715 | B9: 11.43 | C9: 11.46 | D9: 12.37 | E9: 0 | F9: =$L$2 + $L$3*C9 + $L$4*D9 + $L$5*E9 -> 11.834906 | G9: =B9 - F9 -> -0.40490611 | H9: =ABS(G9) -> 0.40490611 | I9: =POWER(G9, 2) -> 0.16394896 | K9: Validation MAE (m) | L9: =AVERAGE(H2:H467) -> 0.32959925
A10: 44716 | B10: 11.44 | C10: 11.43 | D10: 11.45 | E10: 0 | F10: =$L$2 + $L$3*C10 + $L$4*D10 + $L$5*E10 -> 11.596662 | G10: =B10 - F10 -> -0.15666202 | H10: =ABS(G10) -> 0.15666202 | I10: =POWER(G10, 2) -> 0.02454299 | K10: Validation RMSE (m) | L10: =SQRT(AVERAGE(I2:I467)) -> 0.61077516
A11: 44717 | B11: 11.45 | C11: 11.44 | D11: 11.46 | E11: 0 | F11: =$L$2 + $L$3*C11 + $L$4*D11 + $L$5*E11 -> 11.602252 | G11: =B11 - F11 -> -0.15225192 | H11: =ABS(G11) -> 0.15225192 | I11: =POWER(G11, 2) -> 0.023180648 | K11: Validation Bias (m) | L11: =AVERAGE(G2:G467) -> 0.12804949
A12: 44718 | B12: 11.41 | C12: 11.45 | D12: 11.43 | E12: 0 | F12: =$L$2 + $L$3*C12 + $L$4*D12 + $L$5*E12 -> 11.597888 | G12: =B12 - F12 -> -0.18788792 | H12: =ABS(G12) -> 0.18788792 | I12: =POWER(G12, 2) -> 0.035301869 | K12: Validation SSE | L12: =SUM(I2:I467) -> 173.83957
A13: 44719 | B13: 11.4 | C13: 11.41 | D13: 11.44 | E13: 1 | F13: =$L$2 + $L$3*C13 + $L$4*D13 + $L$5*E13 -> 11.606887 | G13: =B13 - F13 -> -0.20688677 | H13: =ABS(G13) -> 0.20688677 | I13: =POWER(G13, 2) -> 0.042802137 | K13: Validation SST | L13: =DEVSQ(B2:B467) -> 370.99162
A14: 44720 | B14: 11.52 | C14: 11.4 | D14: 11.45 | E14: 0 | F14: =$L$2 + $L$3*C14 + $L$4*D14 + $L$5*E14 -> 11.587358 | G14: =B14 - F14 -> -0.067357756 | H14: =ABS(G14) -> 0.067357756 | I14: =POWER(G14, 2) -> 0.0045370673 | K14: Validation R2 | L14: =1 - (L12 / L13) -> 0.53141914
A15: 44721 | B15: 11.35 | C15: 11.52 | D15: 11.41 | E15: 2 | F15: =$L$2 + $L$3*C15 + $L$4*D15 + $L$5*E15 -> 11.652453 | G15: =B15 - F15 -> -0.30245307 | H15: =ABS(G15) -> 0.30245307 | I15: =POWER(G15, 2) -> 0.091477857
A16: 44722 | B16: 11.31 | C16: 11.35 | D16: 11.4 | E16: 0 | F16: =$L$2 + $L$3*C16 + $L$4*D16 + $L$5*E16 -> 11.559408 | G16: =B16 - F16 -> -0.24940826 | H16: =ABS(G16) -> 0.24940826 | I16: =POWER(G16, 2) -> 0.06220448
A17: 44723 | B17: 11.37 | C17: 11.31 | D17: 11.52 | E17: 0 | F17: =$L$2 + $L$3*C17 + $L$4*D17 + $L$5*E17 -> 11.576864 | G17: =B17 - F17 -> -0.20686428 | H17: =ABS(G17) -> 0.20686428 | I17: =POWER(G17, 2) -> 0.042792832
A18: 44724 | B18: 11.46 | C18: 11.37 | D18: 11.35 | E18: 0 | F18: =$L$2 + $L$3*C18 + $L$4*D18 + $L$5*E18 -> 11.553169 | G18: =B18 - F18 -> -0.093168725 | H18: =ABS(G18) -> 0.093168725 | I18: =POWER(G18, 2) -> 0.0086804113
A19: 44725 | B19: 11.68 | C19: 11.46 | D19: 11.31 | E19: 21 | F19: =$L$2 + $L$3*C19 + $L$4*D19 + $L$5*E19 -> 11.968365 | G19: =B19 - F19 -> -0.28836512 | H19: =ABS(G19) -> 0.28836512 | I19: =POWER(G19, 2) -> 0.083154441
A20: 44726 | B20: 11.57 | C20: 11.68 | D20: 11.37 | E20: 54 | F20: =$L$2 + $L$3*C20 + $L$4*D20 + $L$5*E20 -> 12.675758 | G20: =B20 - F20 -> -1.1057576 | H20: =ABS(G20) -> 1.1057576 | I20: =POWER(G20, 2) -> 1.2226999
A21: 44727 | B21: 11.89 | C21: 11.57 | D21: 11.46 | E21: 1 | F21: =$L$2 + $L$3*C21 + $L$4*D21 + $L$5*E21 -> 11.661486 | G21: =B21 - F21 -> 0.22851351 | H21: =ABS(G21) -> 0.22851351 | I21: =POWER(G21, 2) -> 0.052218424
A22: 44728 | B22: 11.61 | C22: 11.89 | D22: 11.68 | E22: 7 | F22: =$L$2 + $L$3*C22 + $L$4*D22 + $L$5*E22 -> 11.928975 | G22: =B22 - F22 -> -0.31897492 | H22: =ABS(G22) -> 0.31897492 | I22: =POWER(G22, 2) -> 0.101745
A23: 44729 | B23: 11.52 | C23: 11.61 | D23: 11.57 | E23: 0 | F23: =$L$2 + $L$3*C23 + $L$4*D23 + $L$5*E23 -> 11.682349 | G23: =B23 - F23 -> -0.16234935 | H23: =ABS(G23) -> 0.16234935 | I23: =POWER(G23, 2) -> 0.026357311
A24: 44730 | B24: 11.51 | C24: 11.52 | D24: 11.89 | E24: 0 | F24: =$L$2 + $L$3*C24 + $L$4*D24 + $L$5*E24 -> 11.734068 | G24: =B24 - F24 -> -0.22406778 | H24: =ABS(G24) -> 0.22406778 | I24: =POWER(G24, 2) -> 0.050206372
A25: 44731 | B25: 12.54 | C25: 11.51 | D25: 11.61 | E25: 0 | F25: =$L$2 + $L$3*C25 + $L$4*D25 + $L$5*E25 -> 11.661289 | G25: =B25 - F25 -> 0.87871097 | H25: =ABS(G25) -> 0.87871097 | I25: =POWER(G25, 2) -> 0.77213297
A26: 44732 | B26: 11.68 | C26: 12.54 | D26: 11.52 | E26: 0 | F26: =$L$2 + $L$3*C26 + $L$4*D26 + $L$5*E26 -> 11.958339 | G26: =B26 - F26 -> -0.27833929 | H26: =ABS(G26) -> 0.27833929 | I26: =POWER(G26, 2) -> 0.07747276
... A467: 45290 | B467: 12.06 | C467: 12.06 | D467: 12.07 | E467: 0 | F467: =$L$2 + $L$3*C467 + $L$4*D467 + $L$5*E467 -> 11.946337 | G467: =B467 - F467 -> 0.11366281 | H467: =ABS(G467) -> 0.11366281 | I467: =POWER(G467, 2) -> 0.012919235

Sheet Val_Cand_13_AR2_NangkaWL
A1: Date | B1: Actual_Y | C1: Sto_Nino_DailyMaxWL_t_1 | D1: Sto_Nino_DailyMaxWL_t_3 | E1: Nangka_DailyMaxWL_t_3 | F1: Pred_Y_Formula | G1: Residual_Formula | H1: Abs_Error_Formula | I1: Sq_Error_Formula | K1: PARAMETER | L1: TRAINED VALUE
A2: 44708 | B2: 11.93 | C2: 11.96 | D2: 11.99 | E2: 15.86 | F2: =$L$2 + $L$3*C2 + $L$4*D2 + $L$5*E2 -> 12.188492 | G2: =B2 - F2 -> -0.25849245 | H2: =ABS(G2) -> 0.25849245 | I2: =POWER(G2, 2) -> 0.066818349 | K2: beta_0 (Intercept) | L2: 2.7326057
A3: 44709 | B3: 11.92 | C3: 11.93 | D3: 11.56 | E3: 15.86 | F3: =$L$2 + $L$3*C3 + $L$4*D3 + $L$5*E3 -> 12.159161 | G3: =B3 - F3 -> -0.2391607 | H3: =ABS(G3) -> 0.2391607 | I3: =POWER(G3, 2) -> 0.05719784 | K3: beta_1 (Sto_Nino_DailyMaxWL_t_1) | L3: 0.22097022
A4: 44710 | B4: 11.91 | C4: 11.92 | D4: 11.96 | E4: 15.86 | F4: =$L$2 + $L$3*C4 + $L$4*D4 + $L$5*E4 -> 12.17807 | G4: =B4 - F4 -> -0.26806974 | H4: =ABS(G4) -> 0.26806974 | I4: =POWER(G4, 2) -> 0.071861385 | K4: beta_2 (Sto_Nino_DailyMaxWL_t_3) | L4: 0.052796857
A5: 44711 | B5: 11.9 | C5: 11.91 | D5: 11.93 | E5: 15.869 | F5: =$L$2 + $L$3*C5 + $L$4*D5 + $L$5*E5 -> 12.177783 | G5: =B5 - F5 -> -0.27778309 | H5: =ABS(G5) -> 0.27778309 | I5: =POWER(G5, 2) -> 0.077163448 | K5: beta_3 (Nangka_DailyMaxWL_t_3) | L5: 0.38966259
A6: 44712 | B6: 12.37 | C6: 11.9 | D6: 11.92 | E6: 15.86 | F6: =$L$2 + $L$3*C6 + $L$4*D6 + $L$5*E6 -> 12.171538 | G6: =B6 - F6 -> 0.19846154 | H6: =ABS(G6) -> 0.19846154 | I6: =POWER(G6, 2) -> 0.039386983
A7: 44713 | B7: 11.45 | C7: 12.37 | D7: 11.91 | E7: 15.86 | F7: =$L$2 + $L$3*C7 + $L$4*D7 + $L$5*E7 -> 12.274866 | G7: =B7 - F7 -> -0.82486649 | H7: =ABS(G7) -> 0.82486649 | I7: =POWER(G7, 2) -> 0.68040473 | K7: VALIDATION METRIC | L7: EXCEL FORMULA VALUE
A8: 44714 | B8: 11.46 | C8: 11.45 | D8: 11.9 | E8: 15.86 | F8: =$L$2 + $L$3*C8 + $L$4*D8 + $L$5*E8 -> 12.071046 | G8: =B8 - F8 -> -0.61104593 | H8: =ABS(G8) -> 0.61104593 | I8: =POWER(G8, 2) -> 0.37337712 | K8: Validation N | L8: =COUNT(B2:B365) -> 364
A9: 44715 | B9: 11.43 | C9: 11.46 | D9: 12.37 | E9: 15.89 | F9: =$L$2 + $L$3*C9 + $L$4*D9 + $L$5*E9 -> 12.10976 | G9: =B9 - F9 -> -0.67976003 | H9: =ABS(G9) -> 0.67976003 | I9: =POWER(G9, 2) -> 0.4620737 | K9: Validation MAE (m) | L9: =AVERAGE(H2:H365) -> 0.39127457
A10: 44717 | B10: 11.45 | C10: 11.44 | D10: 11.46 | E10: 15.86 | F10: =$L$2 + $L$3*C10 + $L$4*D10 + $L$5*E10 -> 12.045606 | G10: =B10 - F10 -> -0.59560561 | H10: =ABS(G10) -> 0.59560561 | I10: =POWER(G10, 2) -> 0.35474604 | K10: Validation RMSE (m) | L10: =SQRT(AVERAGE(I2:I365)) -> 0.71535401
A11: 44718 | B11: 11.41 | C11: 11.45 | D11: 11.43 | E11: 15.86 | F11: =$L$2 + $L$3*C11 + $L$4*D11 + $L$5*E11 -> 12.046231 | G11: =B11 - F11 -> -0.6362314 | H11: =ABS(G11) -> 0.6362314 | I11: =POWER(G11, 2) -> 0.4047904 | K11: Validation Bias (m) | L11: =AVERAGE(G2:G365) -> 0.038409859
A12: 44719 | B12: 11.4 | C12: 11.41 | D12: 11.44 | E12: 15.86 | F12: =$L$2 + $L$3*C12 + $L$4*D12 + $L$5*E12 -> 12.037921 | G12: =B12 - F12 -> -0.63792056 | H12: =ABS(G12) -> 0.63792056 | I12: =POWER(G12, 2) -> 0.40694264 | K12: Validation SSE | L12: =SUM(I2:I365) -> 186.27021
A13: 44722 | B13: 11.31 | C13: 11.35 | D13: 11.4 | E13: 15.86 | F13: =$L$2 + $L$3*C13 + $L$4*D13 + $L$5*E13 -> 12.02255 | G13: =B13 - F13 -> -0.71255048 | H13: =ABS(G13) -> 0.71255048 | I13: =POWER(G13, 2) -> 0.50772818 | K13: Validation SST | L13: =DEVSQ(B2:B365) -> 271.4218
A14: 44723 | B14: 11.37 | C14: 11.31 | D14: 11.52 | E14: 15.86 | F14: =$L$2 + $L$3*C14 + $L$4*D14 + $L$5*E14 -> 12.020047 | G14: =B14 - F14 -> -0.65004729 | H14: =ABS(G14) -> 0.65004729 | I14: =POWER(G14, 2) -> 0.42256148 | K14: Validation R2 | L14: =1 - (L12 / L13) -> 0.31372419
A15: 44724 | B15: 11.46 | C15: 11.37 | D15: 11.35 | E15: 15.86 | F15: =$L$2 + $L$3*C15 + $L$4*D15 + $L$5*E15 -> 12.02433 | G15: =B15 - F15 -> -0.56433004 | H15: =ABS(G15) -> 0.56433004 | I15: =POWER(G15, 2) -> 0.31846839
A16: 44725 | B16: 11.68 | C16: 11.46 | D16: 11.31 | E16: 15.86 | F16: =$L$2 + $L$3*C16 + $L$4*D16 + $L$5*E16 -> 12.042105 | G16: =B16 - F16 -> -0.36210548 | H16: =ABS(G16) -> 0.36210548 | I16: =POWER(G16, 2) -> 0.13112038
A17: 44727 | B17: 11.89 | C17: 11.57 | D17: 11.46 | E17: 15.86 | F17: =$L$2 + $L$3*C17 + $L$4*D17 + $L$5*E17 -> 12.074332 | G17: =B17 - F17 -> -0.18433173 | H17: =ABS(G17) -> 0.18433173 | I17: =POWER(G17, 2) -> 0.033978188
A18: 44729 | B18: 11.52 | C18: 11.61 | D18: 11.57 | E18: 15.86 | F18: =$L$2 + $L$3*C18 + $L$4*D18 + $L$5*E18 -> 12.088978 | G18: =B18 - F18 -> -0.5689782 | H18: =ABS(G18) -> 0.5689782 | I18: =POWER(G18, 2) -> 0.32373619
A19: 44730 | B19: 11.51 | C19: 11.52 | D19: 11.89 | E19: 16.19 | F19: =$L$2 + $L$3*C19 + $L$4*D19 + $L$5*E19 -> 12.214575 | G19: =B19 - F19 -> -0.70457453 | H19: =ABS(G19) -> 0.70457453 | I19: =POWER(G19, 2) -> 0.49642526
A20: 44731 | B20: 12.54 | C20: 11.51 | D20: 11.61 | E20: 15.86 | F20: =$L$2 + $L$3*C20 + $L$4*D20 + $L$5*E20 -> 12.068993 | G20: =B20 - F20 -> 0.47100695 | H20: =ABS(G20) -> 0.47100695 | I20: =POWER(G20, 2) -> 0.22184755
A21: 44732 | B21: 11.68 | C21: 12.54 | D21: 11.52 | E21: 15.87 | F21: =$L$2 + $L$3*C21 + $L$4*D21 + $L$5*E21 -> 12.295737 | G21: =B21 - F21 -> -0.61573728 | H21: =ABS(G21) -> 0.61573728 | I21: =POWER(G21, 2) -> 0.3791324
A22: 44733 | B22: 11.43 | C22: 11.68 | D22: 11.51 | E22: 15.86 | F22: =$L$2 + $L$3*C22 + $L$4*D22 + $L$5*E22 -> 12.101278 | G22: =B22 - F22 -> -0.6712783 | H22: =ABS(G22) -> 0.6712783 | I22: =POWER(G22, 2) -> 0.45061456
A23: 44736 | B23: 11.43 | C23: 11.74 | D23: 11.43 | E23: 15.87 | F23: =$L$2 + $L$3*C23 + $L$4*D23 + $L$5*E23 -> 12.114209 | G23: =B23 - F23 -> -0.68420939 | H23: =ABS(G23) -> 0.68420939 | I23: =POWER(G23, 2) -> 0.46814249
A24: 44737 | B24: 11.4 | C24: 11.43 | D24: 12.58 | E24: 16.33 | F24: =$L$2 + $L$3*C24 + $L$4*D24 + $L$5*E24 -> 12.28567 | G24: =B24 - F24 -> -0.8856698 | H24: =ABS(G24) -> 0.8856698 | I24: =POWER(G24, 2) -> 0.784411
A25: 44741 | B25: 13.34 | C25: 11.98 | D25: 11.39 | E25: 15.87 | F25: =$L$2 + $L$3*C25 + $L$4*D25 + $L$5*E25 -> 12.16513 | G25: =B25 - F25 -> 1.1748696 | H25: =ABS(G25) -> 1.1748696 | I25: =POWER(G25, 2) -> 1.3803186
A26: 44742 | B26: 11.84 | C26: 13.34 | D26: 11.42 | E26: 15.87 | F26: =$L$2 + $L$3*C26 + $L$4*D26 + $L$5*E26 -> 12.467234 | G26: =B26 - F26 -> -0.62723377 | H26: =ABS(G26) -> 0.62723377 | I26: =POWER(G26, 2) -> 0.3934222
... A365: 45290 | B365: 12.06 | C365: 12.06 | D365: 12.07 | E365: 15.93 | F365: =$L$2 + $L$3*C365 + $L$4*D365 + $L$5*E365 -> 12.24209 | G365: =B365 - F365 -> -0.18208961 | H365: =ABS(G365) -> 0.18208961 | I365: =POWER(G365, 2) -> 0.033156624

Sheet Val_Cand_15_Winner_Watershed
A1: Date | B1: Actual_Y | C1: Sto_Nino_DailyMaxWL_t_1 | D1: Sto_Nino_DailyMaxWL_t_3 | E1: Mt_Oro_Rain_t_1 | F1: Mt_Campana_Rain_t_1 | G1: Pred_Y_Formula | H1: Residual_Formula | I1: Abs_Error_Formula | J1: Sq_Error_Formula | L1: PARAMETER | M1: TRAINED VALUE
A2: 44708 | B2: 11.93 | C2: 11.96 | D2: 11.99 | E2: 5 | F2: 1 | G2: =$M$2 + $M$3*C2 + $M$4*D2 + $M$5*E2 + $M$6*F2 -> 12.0603 | H2: =B2 - G2 -> -0.1302997 | I2: =ABS(H2) -> 0.1302997 | J2: =POWER(H2, 2) -> 0.016978012 | L2: beta_0 (Intercept) | M2: 3.8399076
A3: 44709 | B3: 11.92 | C3: 11.93 | D3: 11.56 | E3: 7 | F3: 0 | G3: =$M$2 + $M$3*C3 + $M$4*D3 + $M$5*E3 + $M$6*F3 -> 12.005965 | H3: =B3 - G3 -> -0.085965362 | I3: =ABS(H3) -> 0.085965362 | J3: =POWER(H3, 2) -> 0.0073900434 | L3: beta_1 (Sto_Nino_DailyMaxWL_t_1) | M3: 0.6026861
A4: 44710 | B4: 11.91 | C4: 11.92 | D4: 11.96 | E4: 0 | F4: 10 | G4: =$M$2 + $M$3*C4 + $M$4*D4 + $M$5*E4 + $M$6*F4 -> 12.083138 | H4: =B4 - G4 -> -0.17313829 | I4: =ABS(H4) -> 0.17313829 | J4: =POWER(H4, 2) -> 0.029976869 | L4: beta_2 (Sto_Nino_DailyMaxWL_t_3) | M4: 0.082461583
A5: 44711 | B5: 11.9 | C5: 11.91 | D5: 11.93 | E5: 0 | F5: 2 | G5: =$M$2 + $M$3*C5 + $M$4*D5 + $M$5*E5 + $M$6*F5 -> 12.01626 | H5: =B5 - G5 -> -0.11626011 | I5: =ABS(H5) -> 0.11626011 | J5: =POWER(H5, 2) -> 0.013516412 | L5: beta_3 (Mt_Oro_Rain_t_1) | M5: 0.0032509556
A6: 44712 | B6: 12.37 | C6: 11.9 | D6: 11.92 | E6: 0 | F6: 0 | G6: =$M$2 + $M$3*C6 + $M$4*D6 + $M$5*E6 + $M$6*F6 -> 11.994814 | H6: =B6 - G6 -> 0.37518574 | I6: =ABS(H6) -> 0.37518574 | J6: =POWER(H6, 2) -> 0.14076434 | L6: beta_4 (Mt_Campana_Rain_t_1) | M6: 0.0072971849
A7: 44713 | B7: 11.45 | C7: 12.37 | D7: 11.91 | E7: 1 | F7: 3 | G7: =$M$2 + $M$3*C7 + $M$4*D7 + $M$5*E7 + $M$6*F7 -> 12.302395 | H7: =B7 - G7 -> -0.85239462 | I7: =ABS(H7) -> 0.85239462 | J7: =POWER(H7, 2) -> 0.72657659
A8: 44714 | B8: 11.46 | C8: 11.45 | D8: 11.9 | E8: 3 | F8: 1 | G8: =$M$2 + $M$3*C8 + $M$4*D8 + $M$5*E8 + $M$6*F8 -> 11.739006 | H8: =B8 - G8 -> -0.27900633 | I8: =ABS(H8) -> 0.27900633 | J8: =POWER(H8, 2) -> 0.077844534 | L8: VALIDATION METRIC | M8: EXCEL FORMULA VALUE
A9: 44715 | B9: 11.43 | C9: 11.46 | D9: 12.37 | E9: 1 | F9: 0 | G9: =$M$2 + $M$3*C9 + $M$4*D9 + $M$5*E9 + $M$6*F9 -> 11.769991 | H9: =B9 - G9 -> -0.33999104 | I9: =ABS(H9) -> 0.33999104 | J9: =POWER(H9, 2) -> 0.11559391 | L9: Validation N | M9: =COUNT(B2:B457) -> 456
A10: 44716 | B10: 11.44 | C10: 11.43 | D10: 11.45 | E10: 0 | F10: 0 | G10: =$M$2 + $M$3*C10 + $M$4*D10 + $M$5*E10 + $M$6*F10 -> 11.672795 | H10: =B10 - G10 -> -0.23279485 | I10: =ABS(H10) -> 0.23279485 | J10: =POWER(H10, 2) -> 0.054193441 | L10: Validation MAE (m) | M10: =AVERAGE(I2:I457) -> 0.30488341
A11: 44717 | B11: 11.45 | C11: 11.44 | D11: 11.46 | E11: 15 | F11: 6 | G11: =$M$2 + $M$3*C11 + $M$4*D11 + $M$5*E11 + $M$6*F11 -> 11.772194 | H11: =B11 - G11 -> -0.32219377 | I11: =ABS(H11) -> 0.32219377 | J11: =POWER(H11, 2) -> 0.10380882 | L11: Validation RMSE (m) | M11: =SQRT(AVERAGE(J2:J457)) -> 0.58534284
A12: 44718 | B12: 11.41 | C12: 11.45 | D12: 11.43 | E12: 0 | F12: 1 | G12: =$M$2 + $M$3*C12 + $M$4*D12 + $M$5*E12 + $M$6*F12 -> 11.690497 | H12: =B12 - G12 -> -0.28049652 | I12: =ABS(H12) -> 0.28049652 | J12: =POWER(H12, 2) -> 0.078678299 | L12: Validation Bias (m) | M12: =AVERAGE(H2:H457) -> -0.0092879044
A13: 44719 | B13: 11.4 | C13: 11.41 | D13: 11.44 | E13: 11 | F13: 32 | G13: =$M$2 + $M$3*C13 + $M$4*D13 + $M$5*E13 + $M$6*F13 -> 11.929187 | H13: =B13 - G13 -> -0.52918694 | I13: =ABS(H13) -> 0.52918694 | J13: =POWER(H13, 2) -> 0.28003882 | L13: Validation SSE | M13: =SUM(J2:J457) -> 156.23756
A14: 44720 | B14: 11.52 | C14: 11.4 | D14: 11.45 | E14: 0 | F14: 0 | G14: =$M$2 + $M$3*C14 + $M$4*D14 + $M$5*E14 + $M$6*F14 -> 11.654714 | H14: =B14 - G14 -> -0.13471426 | I14: =ABS(H14) -> 0.13471426 | J14: =POWER(H14, 2) -> 0.018147933 | L14: Validation SST | M14: =DEVSQ(B2:B457) -> 359.82955
A15: 44721 | B15: 11.35 | C15: 11.52 | D15: 11.41 | E15: 10 | F15: 9 | G15: =$M$2 + $M$3*C15 + $M$4*D15 + $M$5*E15 + $M$6*F15 -> 11.821922 | H15: =B15 - G15 -> -0.47192235 | I15: =ABS(H15) -> 0.47192235 | J15: =POWER(H15, 2) -> 0.22271071 | L15: Validation R2 | M15: =1 - (M13 / M14) -> 0.56580119
A16: 44722 | B16: 11.31 | C16: 11.35 | D16: 11.4 | E16: 0 | F16: 0 | G16: =$M$2 + $M$3*C16 + $M$4*D16 + $M$5*E16 + $M$6*F16 -> 11.620457 | H16: =B16 - G16 -> -0.31045688 | I16: =ABS(H16) -> 0.31045688 | J16: =POWER(H16, 2) -> 0.096383474
A17: 44723 | B17: 11.37 | C17: 11.31 | D17: 11.52 | E17: 0 | F17: 0 | G17: =$M$2 + $M$3*C17 + $M$4*D17 + $M$5*E17 + $M$6*F17 -> 11.606245 | H17: =B17 - G17 -> -0.23624483 | I17: =ABS(H17) -> 0.23624483 | J17: =POWER(H17, 2) -> 0.055811618
A18: 44724 | B18: 11.46 | C18: 11.37 | D18: 11.35 | E18: 23 | F18: 0 | G18: =$M$2 + $M$3*C18 + $M$4*D18 + $M$5*E18 + $M$6*F18 -> 11.70316 | H18: =B18 - G18 -> -0.2431595 | I18: =ABS(H18) -> 0.2431595 | J18: =POWER(H18, 2) -> 0.059126543
A19: 44725 | B19: 11.68 | C19: 11.46 | D19: 11.31 | E19: 0 | F19: 0 | G19: =$M$2 + $M$3*C19 + $M$4*D19 + $M$5*E19 + $M$6*F19 -> 11.679331 | H19: =B19 - G19 -> 0.00066919119 | I19: =ABS(H19) -> 0.00066919119 | J19: =POWER(H19, 2) -> 4.4781685e-07
A20: 44726 | B20: 11.57 | C20: 11.68 | D20: 11.37 | E20: 1 | F20: 38 | G20: =$M$2 + $M$3*C20 + $M$4*D20 + $M$5*E20 + $M$6*F20 -> 12.097413 | H20: =B20 - G20 -> -0.52741343 | I20: =ABS(H20) -> 0.52741343 | J20: =POWER(H20, 2) -> 0.27816492
A21: 44727 | B21: 11.89 | C21: 11.57 | D21: 11.46 | E21: 12 | F21: 0 | G21: =$M$2 + $M$3*C21 + $M$4*D21 + $M$5*E21 + $M$6*F21 -> 11.797007 | H21: =B21 - G21 -> 0.092993016 | I21: =ABS(H21) -> 0.092993016 | J21: =POWER(H21, 2) -> 0.008647701
A22: 44728 | B22: 11.61 | C22: 11.89 | D22: 11.68 | E22: 27 | F22: 1 | G22: =$M$2 + $M$3*C22 + $M$4*D22 + $M$5*E22 + $M$6*F22 -> 12.06407 | H22: =B22 - G22 -> -0.4540696 | I22: =ABS(H22) -> 0.4540696 | J22: =POWER(H22, 2) -> 0.2061792
A23: 44729 | B23: 11.52 | C23: 11.61 | D23: 11.57 | E23: 0 | F23: 29 | G23: =$M$2 + $M$3*C23 + $M$4*D23 + $M$5*E23 + $M$6*F23 -> 12.002792 | H23: =B23 - G23 -> -0.4827921 | I23: =ABS(H23) -> 0.4827921 | J23: =POWER(H23, 2) -> 0.23308821
A24: 44730 | B24: 11.51 | C24: 11.52 | D24: 11.89 | E24: 0 | F24: 0 | G24: =$M$2 + $M$3*C24 + $M$4*D24 + $M$5*E24 + $M$6*F24 -> 11.76332 | H24: =B24 - G24 -> -0.25331969 | I24: =ABS(H24) -> 0.25331969 | J24: =POWER(H24, 2) -> 0.064170867
A25: 44731 | B25: 12.54 | C25: 11.51 | D25: 11.61 | E25: 7 | F25: 6 | G25: =$M$2 + $M$3*C25 + $M$4*D25 + $M$5*E25 + $M$6*F25 -> 11.800743 | H25: =B25 - G25 -> 0.73925661 | I25: =ABS(H25) -> 0.73925661 | J25: =POWER(H25, 2) -> 0.54650034
A26: 44732 | B26: 11.68 | C26: 12.54 | D26: 11.52 | E26: 1 | F26: 0 | G26: =$M$2 + $M$3*C26 + $M$4*D26 + $M$5*E26 + $M$6*F26 -> 12.3508 | H26: =B26 - G26 -> -0.67079969 | I26: =ABS(H26) -> 0.67079969 | J26: =POWER(H26, 2) -> 0.44997222
A27: 44733 | B27: 11.43 | C27: 11.68 | D27: 11.51 | E27: 3 | F27: 3 | G27: =$M$2 + $M$3*C27 + $M$4*D27 + $M$5*E27 + $M$6*F27 -> 11.860058 | H27: =B27 - G27 -> -0.43005849 | I27: =ABS(H27) -> 0.43005849 | J27: =POWER(H27, 2) -> 0.1849503
... A457: 45290 | B457: 12.06 | C457: 12.06 | D457: 12.07 | E457: 0 | F457: 0 | G457: =$M$2 + $M$3*C457 + $M$4*D457 + $M$5*E457 + $M$6*F457 -> 12.103613 | H457: =B457 - G457 -> -0.043613273 | I457: =ABS(H457) -> 0.043613273 | J457: =POWER(H457, 2) -> 0.0019021176

Sheet Val_Pairwise_456_Dates
A1: Date | B1: Actual_Y | C1: Sto_t_1 | D1: Sto_t_3 | E1: Oro_t_1 | F1: Campana_t_1 | G1: Pred_C10 | H1: Res_C10 | I1: AbsErr_C10 | J1: SqErr_C10 | K1: Pred_C11 | L1: Res_C11 | M1: AbsErr_C11 | N1: SqErr_C11 | O1: Pred_C15 | P1: Res_C15 | Q1: AbsErr_C15 | R1: SqErr_C15 | T1: PARAM | U1: CAND_10 (Oro) | V1: CAND_11 (Campana) | W1: CAND_15 (Watershed)
A2: 44708 | B2: 11.93 | C2: 11.96 | D2: 11.99 | E2: 5 | F2: 1 | G2: =$U$2 + $U$3*C2 + $U$4*D2 + $U$5*E2 -> 11.978086 | H2: =B2 - G2 -> -0.048086303 | I2: =ABS(H2) -> 0.048086303 | J2: =POWER(H2, 2) -> 0.0023122926 | K2: =$V$2 + $V$3*C2 + $V$4*D2 + $V$6*F2 -> 12.052406 | L2: =B2 - K2 -> -0.1224056 | M2: =ABS(L2) -> 0.1224056 | N2: =POWER(L2, 2) -> 0.014983131 | O2: =$W$2 + $W$3*C2 + $W$4*D2 + $W$5*E2 + $W$6*F2 -> 12.0603 | P2: =B2 - O2 -> -0.1302997 | Q2: =ABS(P2) -> 0.1302997 | R2: =POWER(P2, 2) -> 0.016978012 | T2: beta_0 | U2: =Train_Cand_10!$L$2 -> 5.2034777 | V2: =Train_Cand_11!$L$2 -> 3.6762724 | W2: =Train_Cand_15!$M$2 -> 3.8399076
A3: 44709 | B3: 11.92 | C3: 11.93 | D3: 11.56 | E3: 7 | F3: 0 | G3: =$U$2 + $U$3*C3 + $U$4*D3 + $U$5*E3 -> 11.892604 | H3: =B3 - G3 -> 0.027395966 | I3: =ABS(H3) -> 0.027395966 | J3: =POWER(H3, 2) -> 0.00075053897 | K3: =$V$2 + $V$3*C3 + $V$4*D3 + $V$6*F3 -> 11.988858 | L3: =B3 - K3 -> -0.06885811 | M3: =ABS(L3) -> 0.06885811 | N3: =POWER(L3, 2) -> 0.0047414393 | O3: =$W$2 + $W$3*C3 + $W$4*D3 + $W$5*E3 + $W$6*F3 -> 12.005965 | P3: =B3 - O3 -> -0.085965362 | Q3: =ABS(P3) -> 0.085965362 | R3: =POWER(P3, 2) -> 0.0073900434 | T3: beta_Sto1 | U3: =Train_Cand_10!$L$3 -> 0.31118732 | V3: =Train_Cand_11!$L$3 -> 0.61570167 | W3: =Train_Cand_15!$M$3 -> 0.6026861
A4: 44710 | B4: 11.91 | C4: 11.92 | D4: 11.96 | E4: 0 | F4: 10 | G4: =$U$2 + $U$3*C4 + $U$4*D4 + $U$5*E4 -> 11.881707 | H4: =B4 - G4 -> 0.028292936 | I4: =ABS(H4) -> 0.028292936 | J4: =POWER(H4, 2) -> 0.00080049024 | K4: =$V$2 + $V$3*C4 + $V$4*D4 + $V$6*F4 -> 12.107139 | L4: =B4 - K4 -> -0.19713914 | M4: =ABS(L4) -> 0.19713914 | N4: =POWER(L4, 2) -> 0.03886384 | O4: =$W$2 + $W$3*C4 + $W$4*D4 + $W$5*E4 + $W$6*F4 -> 12.083138 | P4: =B4 - O4 -> -0.17313829 | Q4: =ABS(P4) -> 0.17313829 | R4: =POWER(P4, 2) -> 0.029976869 | T4: beta_Sto3 | U4: =Train_Cand_10!$L$4 -> 0.24823382 | V4: =Train_Cand_11!$L$4 -> 0.083673429 | W4: =Train_Cand_15!$M$4 -> 0.082461583
A5: 44711 | B5: 11.9 | C5: 11.91 | D5: 11.93 | E5: 0 | F5: 2 | G5: =$U$2 + $U$3*C5 + $U$4*D5 + $U$5*E5 -> 11.871148 | H5: =B5 - G5 -> 0.028851824 | I5: =ABS(H5) -> 0.028851824 | J5: =POWER(H5, 2) -> 0.00083242774 | K5: =$V$2 + $V$3*C5 + $V$4*D5 + $V$6*F5 -> 12.025697 | L5: =B5 - K5 -> -0.12569698 | M5: =ABS(L5) -> 0.12569698 | N5: =POWER(L5, 2) -> 0.015799731 | O5: =$W$2 + $W$3*C5 + $W$4*D5 + $W$5*E5 + $W$6*F5 -> 12.01626 | P5: =B5 - O5 -> -0.11626011 | Q5: =ABS(P5) -> 0.11626011 | R5: =POWER(P5, 2) -> 0.013516412 | T5: beta_Oro1 | U5: =Train_Cand_10!$L$5 -> 0.015296946 | V5: 0 | W5: =Train_Cand_15!$M$5 -> 0.0032509556
A6: 44712 | B6: 12.37 | C6: 11.9 | D6: 11.92 | E6: 0 | F6: 0 | G6: =$U$2 + $U$3*C6 + $U$4*D6 + $U$5*E6 -> 11.865554 | H6: =B6 - G6 -> 0.50444604 | I6: =ABS(H6) -> 0.50444604 | J6: =POWER(H6, 2) -> 0.2544658 | K6: =$V$2 + $V$3*C6 + $V$4*D6 + $V$6*F6 -> 12.000509 | L6: =B6 - K6 -> 0.36949051 | M6: =ABS(L6) -> 0.36949051 | N6: =POWER(L6, 2) -> 0.13652323 | O6: =$W$2 + $W$3*C6 + $W$4*D6 + $W$5*E6 + $W$6*F6 -> 11.994814 | P6: =B6 - O6 -> 0.37518574 | Q6: =ABS(P6) -> 0.37518574 | R6: =POWER(P6, 2) -> 0.14076434 | T6: beta_Camp1 | U6: 0 | V6: =Train_Cand_11!$L$5 -> 0.0090968674 | W6: =Train_Cand_15!$M$6 -> 0.0072971849
A7: 44713 | B7: 11.45 | C7: 12.37 | D7: 11.91 | E7: 1 | F7: 3 | G7: =$U$2 + $U$3*C7 + $U$4*D7 + $U$5*E7 -> 12.024627 | H7: =B7 - G7 -> -0.57462661 | I7: =ABS(H7) -> 0.57462661 | J7: =POWER(H7, 2) -> 0.33019574 | K7: =$V$2 + $V$3*C7 + $V$4*D7 + $V$6*F7 -> 12.316343 | L7: =B7 - K7 -> -0.86634315 | M7: =ABS(L7) -> 0.86634315 | N7: =POWER(L7, 2) -> 0.75055045 | O7: =$W$2 + $W$3*C7 + $W$4*D7 + $W$5*E7 + $W$6*F7 -> 12.302395 | P7: =B7 - O7 -> -0.85239462 | Q7: =ABS(P7) -> 0.85239462 | R7: =POWER(P7, 2) -> 0.72657659
A8: 44714 | B8: 11.46 | C8: 11.45 | D8: 11.9 | E8: 3 | F8: 1 | G8: =$U$2 + $U$3*C8 + $U$4*D8 + $U$5*E8 -> 11.766446 | H8: =B8 - G8 -> -0.30644583 | I8: =ABS(H8) -> 0.30644583 | J8: =POWER(H8, 2) -> 0.09390905 | K8: =$V$2 + $V$3*C8 + $V$4*D8 + $V$6*F8 -> 11.730867 | L8: =B8 - K8 -> -0.27086714 | M8: =ABS(L8) -> 0.27086714 | N8: =POWER(L8, 2) -> 0.073369009 | O8: =$W$2 + $W$3*C8 + $W$4*D8 + $W$5*E8 + $W$6*F8 -> 11.739006 | P8: =B8 - O8 -> -0.27900633 | Q8: =ABS(P8) -> 0.27900633 | R8: =POWER(P8, 2) -> 0.077844534
A9: 44715 | B9: 11.43 | C9: 11.46 | D9: 12.37 | E9: 1 | F9: 0 | G9: =$U$2 + $U$3*C9 + $U$4*D9 + $U$5*E9 -> 11.855634 | H9: =B9 - G9 -> -0.42563371 | I9: =ABS(H9) -> 0.42563371 | J9: =POWER(H9, 2) -> 0.18116406 | K9: =$V$2 + $V$3*C9 + $V$4*D9 + $V$6*F9 -> 11.767254 | L9: =B9 - K9 -> -0.3372538 | M9: =ABS(L9) -> 0.3372538 | N9: =POWER(L9, 2) -> 0.11374013 | O9: =$W$2 + $W$3*C9 + $W$4*D9 + $W$5*E9 + $W$6*F9 -> 11.769991 | P9: =B9 - O9 -> -0.33999104 | Q9: =ABS(P9) -> 0.33999104 | R9: =POWER(P9, 2) -> 0.11559391 | T9: METRIC (456 COMMON DATES) | U9: CAND_10 (Model A) | V9: CAND_11 (Campana) | W9: CAND_15 (Validation Leader)
A10: 44716 | B10: 11.44 | C10: 11.43 | D10: 11.45 | E10: 0 | F10: 0 | G10: =$U$2 + $U$3*C10 + $U$4*D10 + $U$5*E10 -> 11.602626 | H10: =B10 - G10 -> -0.16262603 | I10: =ABS(H10) -> 0.16262603 | J10: =POWER(H10, 2) -> 0.026447226 | K10: =$V$2 + $V$3*C10 + $V$4*D10 + $V$6*F10 -> 11.671803 | L10: =B10 - K10 -> -0.2318032 | M10: =ABS(L10) -> 0.2318032 | N10: =POWER(L10, 2) -> 0.053732723 | O10: =$W$2 + $W$3*C10 + $W$4*D10 + $W$5*E10 + $W$6*F10 -> 11.672795 | P10: =B10 - O10 -> -0.23279485 | Q10: =ABS(P10) -> 0.23279485 | R10: =POWER(P10, 2) -> 0.054193441 | T10: Validation MAE (m) | U10: =AVERAGE(I2:I457) -> 0.32727088 | V10: =AVERAGE(M2:M457) -> 0.30833001 | W10: =AVERAGE(Q2:Q457) -> 0.30488341
A11: 44717 | B11: 11.45 | C11: 11.44 | D11: 11.46 | E11: 15 | F11: 6 | G11: =$U$2 + $U$3*C11 + $U$4*D11 + $U$5*E11 -> 11.837674 | H11: =B11 - G11 -> -0.38767444 | I11: =ABS(H11) -> 0.38767444 | J11: =POWER(H11, 2) -> 0.15029147 | K11: =$V$2 + $V$3*C11 + $V$4*D11 + $V$6*F11 -> 11.733378 | L11: =B11 - K11 -> -0.28337815 | M11: =ABS(L11) -> 0.28337815 | N11: =POWER(L11, 2) -> 0.080303178 | O11: =$W$2 + $W$3*C11 + $W$4*D11 + $W$5*E11 + $W$6*F11 -> 11.772194 | P11: =B11 - O11 -> -0.32219377 | Q11: =ABS(P11) -> 0.32219377 | R11: =POWER(P11, 2) -> 0.10380882 | T11: Validation RMSE (m) | U11: =SQRT(AVERAGE(J2:J457)) -> 0.61261245 | V11: =SQRT(AVERAGE(N2:N457)) -> 0.58715952 | W11: =SQRT(AVERAGE(R2:R457)) -> 0.58534284
A12: 44718 | B12: 11.41 | C12: 11.45 | D12: 11.43 | E12: 0 | F12: 1 | G12: =$U$2 + $U$3*C12 + $U$4*D12 + $U$5*E12 -> 11.603885 | H12: =B12 - G12 -> -0.1938851 | I12: =ABS(H12) -> 0.1938851 | J12: =POWER(H12, 2) -> 0.037591432 | K12: =$V$2 + $V$3*C12 + $V$4*D12 + $V$6*F12 -> 11.691541 | L12: =B12 - K12 -> -0.28154063 | M12: =ABS(L12) -> 0.28154063 | N12: =POWER(L12, 2) -> 0.079265127 | O12: =$W$2 + $W$3*C12 + $W$4*D12 + $W$5*E12 + $W$6*F12 -> 11.690497 | P12: =B12 - O12 -> -0.28049652 | Q12: =ABS(P12) -> 0.28049652 | R12: =POWER(P12, 2) -> 0.078678299 | T12: Validation Bias (m) | U12: =AVERAGE(H2:H457) -> 0.13931127 | V12: =AVERAGE(L2:L457) -> -0.0078565263 | W12: =AVERAGE(P2:P457) -> -0.0092879044
A13: 44719 | B13: 11.4 | C13: 11.41 | D13: 11.44 | E13: 11 | F13: 32 | G13: =$U$2 + $U$3*C13 + $U$4*D13 + $U$5*E13 -> 11.762186 | H13: =B13 - G13 -> -0.36218636 | I13: =ABS(H13) -> 0.36218636 | J13: =POWER(H13, 2) -> 0.13117896 | K13: =$V$2 + $V$3*C13 + $V$4*D13 + $V$6*F13 -> 11.949752 | L13: =B13 - K13 -> -0.54975219 | M13: =ABS(L13) -> 0.54975219 | N13: =POWER(L13, 2) -> 0.30222747 | O13: =$W$2 + $W$3*C13 + $W$4*D13 + $W$5*E13 + $W$6*F13 -> 11.929187 | P13: =B13 - O13 -> -0.52918694 | Q13: =ABS(P13) -> 0.52918694 | R13: =POWER(P13, 2) -> 0.28003882 | T13: Validation SSE | U13: =SUM(J2:J457) -> 171.13407 | V13: =SUM(N2:N457) -> 157.20887 | W13: =SUM(R2:R457) -> 156.23756
A14: 44720 | B14: 11.52 | C14: 11.4 | D14: 11.45 | E14: 0 | F14: 0 | G14: =$U$2 + $U$3*C14 + $U$4*D14 + $U$5*E14 -> 11.59329 | H14: =B14 - G14 -> -0.07329041 | I14: =ABS(H14) -> 0.07329041 | J14: =POWER(H14, 2) -> 0.0053714842 | K14: =$V$2 + $V$3*C14 + $V$4*D14 + $V$6*F14 -> 11.653332 | L14: =B14 - K14 -> -0.13333215 | M14: =ABS(L14) -> 0.13333215 | N14: =POWER(L14, 2) -> 0.017777462 | O14: =$W$2 + $W$3*C14 + $W$4*D14 + $W$5*E14 + $W$6*F14 -> 11.654714 | P14: =B14 - O14 -> -0.13471426 | Q14: =ABS(P14) -> 0.13471426 | R14: =POWER(P14, 2) -> 0.018147933 | T14: Validation SST | U14: =DEVSQ(B2:B457) -> 359.82955 | V14: =DEVSQ(B2:B457) -> 359.82955 | W14: =DEVSQ(B2:B457) -> 359.82955
A15: 44721 | B15: 11.35 | C15: 11.52 | D15: 11.41 | E15: 10 | F15: 9 | G15: =$U$2 + $U$3*C15 + $U$4*D15 + $U$5*E15 -> 11.773673 | H15: =B15 - G15 -> -0.423673 | I15: =ABS(H15) -> 0.423673 | J15: =POWER(H15, 2) -> 0.17949881 | K15: =$V$2 + $V$3*C15 + $V$4*D15 + $V$6*F15 -> 11.805741 | L15: =B15 - K15 -> -0.45574122 | M15: =ABS(L15) -> 0.45574122 | N15: =POWER(L15, 2) -> 0.20770006 | O15: =$W$2 + $W$3*C15 + $W$4*D15 + $W$5*E15 + $W$6*F15 -> 11.821922 | P15: =B15 - O15 -> -0.47192235 | Q15: =ABS(P15) -> 0.47192235 | R15: =POWER(P15, 2) -> 0.22271071 | T15: Validation R2 | U15: =1 - (U13 / U14) -> 0.52440239 | V15: =1 - (V13 / V14) -> 0.56310183 | W15: =1 - (W13 / W14) -> 0.56580119
A16: 44722 | B16: 11.31 | C16: 11.35 | D16: 11.4 | E16: 0 | F16: 0 | G16: =$U$2 + $U$3*C16 + $U$4*D16 + $U$5*E16 -> 11.565319 | H16: =B16 - G16 -> -0.25531935 | I16: =ABS(H16) -> 0.25531935 | J16: =POWER(H16, 2) -> 0.065187972 | K16: =$V$2 + $V$3*C16 + $V$4*D16 + $V$6*F16 -> 11.618363 | L16: =B16 - K16 -> -0.30836339 | M16: =ABS(L16) -> 0.30836339 | N16: =POWER(L16, 2) -> 0.095087983 | O16: =$W$2 + $W$3*C16 + $W$4*D16 + $W$5*E16 + $W$6*F16 -> 11.620457 | P16: =B16 - O16 -> -0.31045688 | Q16: =ABS(P16) -> 0.31045688 | R16: =POWER(P16, 2) -> 0.096383474
A17: 44723 | B17: 11.37 | C17: 11.31 | D17: 11.52 | E17: 0 | F17: 0 | G17: =$U$2 + $U$3*C17 + $U$4*D17 + $U$5*E17 -> 11.58266 | H17: =B17 - G17 -> -0.21265992 | I17: =ABS(H17) -> 0.21265992 | J17: =POWER(H17, 2) -> 0.045224241 | K17: =$V$2 + $V$3*C17 + $V$4*D17 + $V$6*F17 -> 11.603776 | L17: =B17 - K17 -> -0.23377614 | M17: =ABS(L17) -> 0.23377614 | N17: =POWER(L17, 2) -> 0.054651283 | O17: =$W$2 + $W$3*C17 + $W$4*D17 + $W$5*E17 + $W$6*F17 -> 11.606245 | P17: =B17 - O17 -> -0.23624483 | Q17: =ABS(P17) -> 0.23624483 | R17: =POWER(P17, 2) -> 0.055811618
A18: 44724 | B18: 11.46 | C18: 11.37 | D18: 11.35 | E18: 23 | F18: 0 | G18: =$U$2 + $U$3*C18 + $U$4*D18 + $U$5*E18 -> 11.910961 | H18: =B18 - G18 -> -0.45096118 | I18: =ABS(H18) -> 0.45096118 | J18: =POWER(H18, 2) -> 0.20336598 | K18: =$V$2 + $V$3*C18 + $V$4*D18 + $V$6*F18 -> 11.626494 | L18: =B18 - K18 -> -0.16649376 | M18: =ABS(L18) -> 0.16649376 | N18: =POWER(L18, 2) -> 0.027720171 | O18: =$W$2 + $W$3*C18 + $W$4*D18 + $W$5*E18 + $W$6*F18 -> 11.70316 | P18: =B18 - O18 -> -0.2431595 | Q18: =ABS(P18) -> 0.2431595 | R18: =POWER(P18, 2) -> 0.059126543 | T18: PAIRWISE COMPARISON | U18: MAE DIFFERENCE | V18: RMSE DIFFERENCE | W18: PAIRWISE WINNER
A19: 44725 | B19: 11.68 | C19: 11.46 | D19: 11.31 | E19: 0 | F19: 0 | G19: =$U$2 + $U$3*C19 + $U$4*D19 + $U$5*E19 -> 11.577209 | H19: =B19 - G19 -> 0.10279109 | I19: =ABS(H19) -> 0.10279109 | J19: =POWER(H19, 2) -> 0.010566007 | K19: =$V$2 + $V$3*C19 + $V$4*D19 + $V$6*F19 -> 11.67856 | L19: =B19 - K19 -> 0.0014400315 | M19: =ABS(L19) -> 0.0014400315 | N19: =POWER(L19, 2) -> 2.0736908e-06 | O19: =$W$2 + $W$3*C19 + $W$4*D19 + $W$5*E19 + $W$6*F19 -> 11.679331 | P19: =B19 - O19 -> 0.00066919119 | Q19: =ABS(P19) -> 0.00066919119 | R19: =POWER(P19, 2) -> 4.4781685e-07 | T19: Cand 11 vs Cand 10 | U19: =V10 - U10 -> -0.018940872 | V19: =V11 - U11 -> -0.025452935 | W19: =IF(U19<0, "Candidate 11 Wins (Lower MAE)", "Candidate 10 Wins") -> Candidate 11 Wins (Lower MAE)
A20: 44726 | B20: 11.57 | C20: 11.68 | D20: 11.37 | E20: 1 | F20: 38 | G20: =$U$2 + $U$3*C20 + $U$4*D20 + $U$5*E20 -> 11.675861 | H20: =B20 - G20 -> -0.1058611 | I20: =ABS(H20) -> 0.1058611 | J20: =POWER(H20, 2) -> 0.011206572 | K20: =$V$2 + $V$3*C20 + $V$4*D20 + $V$6*F20 -> 12.164716 | L20: =B20 - K20 -> -0.5947157 | M20: =ABS(L20) -> 0.5947157 | N20: =POWER(L20, 2) -> 0.35368677 | O20: =$W$2 + $W$3*C20 + $W$4*D20 + $W$5*E20 + $W$6*F20 -> 12.097413 | P20: =B20 - O20 -> -0.52741343 | Q20: =ABS(P20) -> 0.52741343 | R20: =POWER(P20, 2) -> 0.27816492 | T20: Cand 15 vs Cand 11 | U20: =W10 - V10 -> -0.003446602 | V20: =W11 - V11 -> -0.0018166811 | W20: =IF(U20<0, "Candidate 15 Wins (Lower MAE)", "Candidate 11 Wins") -> Candidate 15 Wins (Lower MAE)
A21: 44727 | B21: 11.89 | C21: 11.57 | D21: 11.46 | E21: 12 | F21: 0 | G21: =$U$2 + $U$3*C21 + $U$4*D21 + $U$5*E21 -> 11.832238 | H21: =B21 - G21 -> 0.05776205 | I21: =ABS(H21) -> 0.05776205 | J21: =POWER(H21, 2) -> 0.0033364545 | K21: =$V$2 + $V$3*C21 + $V$4*D21 + $V$6*F21 -> 11.758838 | L21: =B21 - K21 -> 0.13116183 | M21: =ABS(L21) -> 0.13116183 | N21: =POWER(L21, 2) -> 0.017203427 | O21: =$W$2 + $W$3*C21 + $W$4*D21 + $W$5*E21 + $W$6*F21 -> 11.797007 | P21: =B21 - O21 -> 0.092993016 | Q21: =ABS(P21) -> 0.092993016 | R21: =POWER(P21, 2) -> 0.008647701 | T21: Cand 15 vs Cand 10 | U21: =W10 - U10 -> -0.022387474 | V21: =W11 - U11 -> -0.027269616 | W21: =IF(U21<0, "Candidate 15 Wins (Lower MAE)", "Candidate 10 Wins") -> Candidate 15 Wins (Lower MAE)
A22: 44728 | B22: 11.61 | C22: 11.89 | D22: 11.68 | E22: 27 | F22: 1 | G22: =$U$2 + $U$3*C22 + $U$4*D22 + $U$5*E22 -> 12.215884 | H22: =B22 - G22 -> -0.60588353 | I22: =ABS(H22) -> 0.60588353 | J22: =POWER(H22, 2) -> 0.36709485 | K22: =$V$2 + $V$3*C22 + $V$4*D22 + $V$6*F22 -> 11.983368 | L22: =B22 - K22 -> -0.37336772 | M22: =ABS(L22) -> 0.37336772 | N22: =POWER(L22, 2) -> 0.13940346 | O22: =$W$2 + $W$3*C22 + $W$4*D22 + $W$5*E22 + $W$6*F22 -> 12.06407 | P22: =B22 - O22 -> -0.4540696 | Q22: =ABS(P22) -> 0.4540696 | R22: =POWER(P22, 2) -> 0.2061792
A23: 44729 | B23: 11.52 | C23: 11.61 | D23: 11.57 | E23: 0 | F23: 29 | G23: =$U$2 + $U$3*C23 + $U$4*D23 + $U$5*E23 -> 11.688428 | H23: =B23 - G23 -> -0.16842781 | I23: =ABS(H23) -> 0.16842781 | J23: =POWER(H23, 2) -> 0.028367926 | K23: =$V$2 + $V$3*C23 + $V$4*D23 + $V$6*F23 -> 12.056479 | L23: =B23 - K23 -> -0.53647947 | M23: =ABS(L23) -> 0.53647947 | N23: =POWER(L23, 2) -> 0.28781022 | O23: =$W$2 + $W$3*C23 + $W$4*D23 + $W$5*E23 + $W$6*F23 -> 12.002792 | P23: =B23 - O23 -> -0.4827921 | Q23: =ABS(P23) -> 0.4827921 | R23: =POWER(P23, 2) -> 0.23308821
A24: 44730 | B24: 11.51 | C24: 11.52 | D24: 11.89 | E24: 0 | F24: 0 | G24: =$U$2 + $U$3*C24 + $U$4*D24 + $U$5*E24 -> 11.739856 | H24: =B24 - G24 -> -0.22985577 | I24: =ABS(H24) -> 0.22985577 | J24: =POWER(H24, 2) -> 0.052833675 | K24: =$V$2 + $V$3*C24 + $V$4*D24 + $V$6*F24 -> 11.764033 | L24: =B24 - K24 -> -0.25403266 | M24: =ABS(L24) -> 0.25403266 | N24: =POWER(L24, 2) -> 0.064532591 | O24: =$W$2 + $W$3*C24 + $W$4*D24 + $W$5*E24 + $W$6*F24 -> 11.76332 | P24: =B24 - O24 -> -0.25331969 | Q24: =ABS(P24) -> 0.25331969 | R24: =POWER(P24, 2) -> 0.064170867
A25: 44731 | B25: 12.54 | C25: 11.51 | D25: 11.61 | E25: 7 | F25: 6 | G25: =$U$2 + $U$3*C25 + $U$4*D25 + $U$5*E25 -> 11.774317 | H25: =B25 - G25 -> 0.76568295 | I25: =ABS(H25) -> 0.76568295 | J25: =POWER(H25, 2) -> 0.58627038 | K25: =$V$2 + $V$3*C25 + $V$4*D25 + $V$6*F25 -> 11.789028 | L25: =B25 - K25 -> 0.75097172 | M25: =ABS(L25) -> 0.75097172 | N25: =POWER(L25, 2) -> 0.56395852 | O25: =$W$2 + $W$3*C25 + $W$4*D25 + $W$5*E25 + $W$6*F25 -> 11.800743 | P25: =B25 - O25 -> 0.73925661 | Q25: =ABS(P25) -> 0.73925661 | R25: =POWER(P25, 2) -> 0.54650034
A26: 44732 | B26: 11.68 | C26: 12.54 | D26: 11.52 | E26: 1 | F26: 0 | G26: =$U$2 + $U$3*C26 + $U$4*D26 + $U$5*E26 -> 11.980717 | H26: =B26 - G26 -> -0.30071727 | I26: =ABS(H26) -> 0.30071727 | J26: =POWER(H26, 2) -> 0.090430874 | K26: =$V$2 + $V$3*C26 + $V$4*D26 + $V$6*F26 -> 12.361089 | L26: =B26 - K26 -> -0.68108919 | M26: =ABS(L26) -> 0.68108919 | N26: =POWER(L26, 2) -> 0.46388248 | O26: =$W$2 + $W$3*C26 + $W$4*D26 + $W$5*E26 + $W$6*F26 -> 12.3508 | P26: =B26 - O26 -> -0.67079969 | Q26: =ABS(P26) -> 0.67079969 | R26: =POWER(P26, 2) -> 0.44997222
A27: 44733 | B27: 11.43 | C27: 11.68 | D27: 11.51 | E27: 3 | F27: 3 | G27: =$U$2 + $U$3*C27 + $U$4*D27 + $U$5*E27 -> 11.741208 | H27: =B27 - G27 -> -0.31120773 | I27: =ABS(H27) -> 0.31120773 | J27: =POWER(H27, 2) -> 0.09685025 | K27: =$V$2 + $V$3*C27 + $V$4*D27 + $V$6*F27 -> 11.85804 | L27: =B27 - K27 -> -0.42803962 | M27: =ABS(L27) -> 0.42803962 | N27: =POWER(L27, 2) -> 0.18321792 | O27: =$W$2 + $W$3*C27 + $W$4*D27 + $W$5*E27 + $W$6*F27 -> 11.860058 | P27: =B27 - O27 -> -0.43005849 | Q27: =ABS(P27) -> 0.43005849 | R27: =POWER(P27, 2) -> 0.1849503
A28: 44734 | B28: 12.58 | C28: 11.43 | D28: 12.54 | E28: 0 | F28: 1 | G28: =$U$2 + $U$3*C28 + $U$4*D28 + $U$5*E28 -> 11.873201 | H28: =B28 - G28 -> 0.70679911 | I28: =ABS(H28) -> 0.70679911 | J28: =POWER(H28, 2) -> 0.49956498 | K28: =$V$2 + $V$3*C28 + $V$4*D28 + $V$6*F28 -> 11.772104 | L28: =B28 - K28 -> 0.8078959 | M28: =ABS(L28) -> 0.8078959 | N28: =POWER(L28, 2) -> 0.65269578 | O28: =$W$2 + $W$3*C28 + $W$4*D28 + $W$5*E28 + $W$6*F28 -> 11.769975 | P28: =B28 - O28 -> 0.81002484 | Q28: =ABS(P28) -> 0.81002484 | R28: =POWER(P28, 2) -> 0.65614025
A29: 44735 | B29: 11.74 | C29: 12.58 | D29: 11.68 | E29: 28 | F29: 27 | G29: =$U$2 + $U$3*C29 + $U$4*D29 + $U$5*E29 -> 12.4459 | H29: =B29 - G29 -> -0.70589972 | I29: =ABS(H29) -> 0.70589972 | J29: =POWER(H29, 2) -> 0.49829442 | K29: =$V$2 + $V$3*C29 + $V$4*D29 + $V$6*F29 -> 12.64472 | L29: =B29 - K29 -> -0.90472043 | M29: =ABS(L29) -> 0.90472043 | N29: =POWER(L29, 2) -> 0.81851905 | O29: =$W$2 + $W$3*C29 + $W$4*D29 + $W$5*E29 + $W$6*F29 -> 12.672901 | P29: =B29 - O29 -> -0.93290078 | Q29: =ABS(P29) -> 0.93290078 | R29: =POWER(P29, 2) -> 0.87030386
A30: 44736 | B30: 11.43 | C30: 11.74 | D30: 11.43 | E30: 0 | F30: 0 | G30: =$U$2 + $U$3*C30 + $U$4*D30 + $U$5*E30 -> 11.694129 | H30: =B30 - G30 -> -0.26412942 | I30: =ABS(H30) -> 0.26412942 | J30: =POWER(H30, 2) -> 0.069764351 | K30: =$V$2 + $V$3*C30 + $V$4*D30 + $V$6*F30 -> 11.860997 | L30: =B30 - K30 -> -0.43099725 | M30: =ABS(L30) -> 0.43099725 | N30: =POWER(L30, 2) -> 0.18575863 | O30: =$W$2 + $W$3*C30 + $W$4*D30 + $W$5*E30 + $W$6*F30 -> 11.857978 | P30: =B30 - O30 -> -0.42797831 | Q30: =ABS(P30) -> 0.42797831 | R30: =POWER(P30, 2) -> 0.18316543
A31: 44737 | B31: 11.4 | C31: 11.43 | D31: 12.58 | E31: 0 | F31: 0 | G31: =$U$2 + $U$3*C31 + $U$4*D31 + $U$5*E31 -> 11.88313 | H31: =B31 - G31 -> -0.48313025 | I31: =ABS(H31) -> 0.48313025 | J31: =POWER(H31, 2) -> 0.23341484 | K31: =$V$2 + $V$3*C31 + $V$4*D31 + $V$6*F31 -> 11.766354 | L31: =B31 - K31 -> -0.36635417 | M31: =ABS(L31) -> 0.36635417 | N31: =POWER(L31, 2) -> 0.13421538 | O31: =$W$2 + $W$3*C31 + $W$4*D31 + $W$5*E31 + $W$6*F31 -> 11.765976 | P31: =B31 - O31 -> -0.36597644 | Q31: =ABS(P31) -> 0.36597644 | R31: =POWER(P31, 2) -> 0.13393875
A32: 44738 | B32: 11.39 | C32: 11.4 | D32: 11.74 | E32: 0 | F32: 0 | G32: =$U$2 + $U$3*C32 + $U$4*D32 + $U$5*E32 -> 11.665278 | H32: =B32 - G32 -> -0.27527822 | I32: =ABS(H32) -> 0.27527822 | J32: =POWER(H32, 2) -> 0.075778097 | K32: =$V$2 + $V$3*C32 + $V$4*D32 + $V$6*F32 -> 11.677597 | L32: =B32 - K32 -> -0.28759744 | M32: =ABS(L32) -> 0.28759744 | N32: =POWER(L32, 2) -> 0.082712289 | O32: =$W$2 + $W$3*C32 + $W$4*D32 + $W$5*E32 + $W$6*F32 -> 11.678628 | P32: =B32 - O32 -> -0.28862812 | Q32: =ABS(P32) -> 0.28862812 | R32: =POWER(P32, 2) -> 0.083306194
A33: 44739 | B33: 11.42 | C33: 11.39 | D33: 11.43 | E33: 4 | F33: 10 | G33: =$U$2 + $U$3*C33 + $U$4*D33 + $U$5*E33 -> 11.646402 | H33: =B33 - G33 -> -0.22640165 | I33: =ABS(H33) -> 0.22640165 | J33: =POWER(H33, 2) -> 0.051257705 | K33: =$V$2 + $V$3*C33 + $V$4*D33 + $V$6*F33 -> 11.73647 | L33: =B33 - K33 -> -0.31647034 | M33: =ABS(L33) -> 0.31647034 | N33: =POWER(L33, 2) -> 0.10015347 | O33: =$W$2 + $W$3*C33 + $W$4*D33 + $W$5*E33 + $W$6*F33 -> 11.733014 | P33: =B33 - O33 -> -0.31301384 | Q33: =ABS(P33) -> 0.31301384 | R33: =POWER(P33, 2) -> 0.097977666
... A457: 45290 | B457: 12.06 | C457: 12.06 | D457: 12.07 | E457: 0 | F457: 0 | G457: =$U$2 + $U$3*C457 + $U$4*D457 + $U$5*E457 -> 11.952579 | H457: =B457 - G457 -> 0.10742099 | I457: =ABS(H457) -> 0.10742099 | J457: =POWER(H457, 2) -> 0.011539269 | K457: =$V$2 + $V$3*C457 + $V$4*D457 + $V$6*F457 -> 12.111573 | L457: =B457 - K457 -> -0.051572775 | M457: =ABS(L457) -> 0.051572775 | N457: =POWER(L457, 2) -> 0.0026597511 | O457: =$W$2 + $W$3*C457 + $W$4*D457 + $W$5*E457 + $W$6*F457 -> 12.103613 | P457: =B457 - O457 -> -0.043613273 | Q457: =ABS(P457) -> 0.043613273 | R457: =POWER(P457, 2) -> 0.0019021176

Sheet Pairwise_Matrix_Admissible
B2: RULE #20 FAIR PAIRWISE CONDORCET VALIDATION MATRIX
B3: Every direct pairwise comparison evaluated on exact common validation dates | Candidate 15 is Condorcet winner (13/13 wins)
B5: Pair_ID | C5: Model_A_ID | D5: Model_A_Name | E5: Model_B_ID | F5: Model_B_Name | G5: Common_Dates_N | H5: Model_A_MAE | I5: Model_B_MAE | J5: MAE_Diff_Formula | K5: Model_A_RMSE | L5: Model_B_RMSE | M5: RMSE_Diff_Formula | N5: Model_A_R2 | O5: Model_B_R2 | P5: Pairwise_Winner_Formula
B6: 1 | C6: 15 | D6: Candidate 15 (Full Watershed: Oro + Campana) | E6: 11 | F6: Candidate 11 (AR2 + Campana_t_1) | G6: 456 | H6: 0.30488341 | I6: 0.30833001 | J6: =H6 - I6 -> -0.003446602 | K6: 0.58534284 | L6: 0.58715952 | M6: =K6 - L6 -> -0.0018166811 | N6: 0.56580119 | O6: 0.56310183 | P6: =IF(J6<0, D6, F6) -> Candidate 15 (Full Watershed: Oro + Campana)
B7: 2 | C7: 15 | D7: Candidate 15 (Full Watershed: Oro + Campana) | E7: 5 | F7: Candidate 5 (AR1 + Campana_t_1) | G7: 456 | H7: 0.30488341 | I7: 0.31621125 | J7: =H7 - I7 -> -0.011327837 | K7: 0.58534284 | L7: 0.5976323 | M7: =K7 - L7 -> -0.012289464 | N7: 0.56580119 | O7: 0.5473775 | P7: =IF(J7<0, D7, F7) -> Candidate 15 (Full Watershed: Oro + Campana)
B8: 3 | C8: 15 | D8: Candidate 15 (Full Watershed: Oro + Campana) | E8: 2 | F8: AR2 Model (AR1 + AR3) | G8: 456 | H8: 0.30488341 | I8: 0.32101553 | J8: =H8 - I8 -> -0.016132121 | K8: 0.58534284 | L8: 0.66701914 | M8: =K8 - L8 -> -0.081676306 | N8: 0.56580119 | O8: 0.43617463 | P8: =IF(J8<0, D8, F8) -> Candidate 15 (Full Watershed: Oro + Campana)
B9: 4 | C9: 15 | D9: Candidate 15 (Full Watershed: Oro + Campana) | E9: 10 | F9: Candidate 10 (Model A: AR2 + Oro_t_1) | G9: 456 | H9: 0.30488341 | I9: 0.32727088 | J9: =H9 - I9 -> -0.022387474 | K9: 0.58534284 | L9: 0.61261245 | M9: =K9 - L9 -> -0.027269616 | N9: 0.56580119 | O9: 0.52440239 | P9: =IF(J9<0, D9, F9) -> Candidate 15 (Full Watershed: Oro + Campana)
B10: 5 | C10: 15 | D10: Candidate 15 (Full Watershed: Oro + Campana) | E10: 12 | F10: AR2 + Aries_t_1 | G10: 451 | H10: 0.29590359 | I10: 0.33509511 | J10: =H10 - I10 -> -0.039191517 | K10: 0.56812593 | L10: 0.61973961 | M10: =K10 - L10 -> -0.051613678 | N10: 0.57987194 | O10: 0.50006795 | P10: =IF(J10<0, D10, F10) -> Candidate 15 (Full Watershed: Oro + Campana)
B11: 6 | C11: 15 | D11: Candidate 15 (Full Watershed: Oro + Campana) | E11: 9 | F11: AR2 + Boso-Boso_t_1 | G11: 456 | H11: 0.30488341 | I11: 0.34155185 | J11: =H11 - I11 -> -0.036668439 | K11: 0.58534284 | L11: 0.62778561 | M11: =K11 - L11 -> -0.042442776 | N11: 0.56580119 | O11: 0.50055148 | P11: =IF(J11<0, D11, F11) -> Candidate 15 (Full Watershed: Oro + Campana)
B12: 7 | C12: 15 | D12: Candidate 15 (Full Watershed: Oro + Campana) | E12: 1 | F12: Baseline AR1 | G12: 456 | H12: 0.30488341 | I12: 0.34844098 | J12: =H12 - I12 -> -0.043557571 | K12: 0.58534284 | L12: 0.69884283 | M12: =K12 - L12 -> -0.11349999 | N12: 0.56580119 | O12: 0.38109065 | P12: =IF(J12<0, D12, F12) -> Candidate 15 (Full Watershed: Oro + Campana)
B13: 8 | C13: 15 | D13: Candidate 15 (Full Watershed: Oro + Campana) | E13: 8 | F13: AR1 + Aries_t_1 | G13: 451 | H13: 0.29590359 | I13: 0.36568941 | J13: =H13 - I13 -> -0.069785821 | K13: 0.56812593 | L13: 0.65540918 | M13: =K13 - L13 -> -0.087283252 | N13: 0.57987194 | O13: 0.44086393 | P13: =IF(J13<0, D13, F13) -> Candidate 15 (Full Watershed: Oro + Campana)
B14: 9 | C14: 15 | D14: Candidate 15 (Full Watershed: Oro + Campana) | E14: 7 | F14: AR1 + Oro_t_1 | G14: 456 | H14: 0.30488341 | I14: 0.36250578 | J14: =H14 - I14 -> -0.057622373 | K14: 0.58534284 | L14: 0.64919722 | M14: =K14 - L14 -> -0.063854381 | N14: 0.56580119 | O14: 0.46590155 | P14: =IF(J14<0, D14, F14) -> Candidate 15 (Full Watershed: Oro + Campana)
B15: 10 | C15: 15 | D15: Candidate 15 (Full Watershed: Oro + Campana) | E15: 4 | F15: AR1 + Boso-Boso_t_1 | G15: 456 | H15: 0.30488341 | I15: 0.37720045 | J15: =H15 - I15 -> -0.072317041 | K15: 0.58534284 | L15: 0.66578989 | M15: =K15 - L15 -> -0.080447054 | N15: 0.56580119 | O15: 0.43825087 | P15: =IF(J15<0, D15, F15) -> Candidate 15 (Full Watershed: Oro + Campana)
B16: 11 | C16: 15 | D16: Candidate 15 (Full Watershed: Oro + Campana) | E16: 6 | F16: AR1 + NangkaRain_t_1 | G16: 430 | H16: 0.30298885 | I16: 0.40193865 | J16: =H16 - I16 -> -0.098949807 | K16: 0.59072637 | L16: 0.6955845 | M16: =K16 - L16 -> -0.10485813 | N16: 0.57282377 | O16: 0.40771034 | P16: =IF(J16<0, D16, F16) -> Candidate 15 (Full Watershed: Oro + Campana)
B17: 12 | C17: 15 | D17: Candidate 15 (Full Watershed: Oro + Campana) | E17: 13 | F17: AR2 + Nangka_WL_t_3 | G17: 346 | H17: 0.29090545 | I17: 0.39342429 | J17: =H17 - I17 -> -0.10251884 | K17: 0.60242588 | L17: 0.71597269 | M17: =K17 - L17 -> -0.11354681 | N17: 0.5126448 | O17: 0.3116152 | P17: =IF(J17<0, D17, F17) -> Candidate 15 (Full Watershed: Oro + Campana)
... B96: 91 | C96: 13 | D96: AR2 + Nangka_WL_t_3 | E96: 3 | F96: WL Multi-Station (AR1 + Nangka_t_3) | G96: 364 | H96: 0.39127457 | I96: 0.39978494 | J96: =H96 - I96 -> -0.008510366 | K96: 0.71535401 | L96: 0.71954936 | M96: =K96 - L96 -> -0.004195351 | N96: 0.31372419 | O96: 0.30565095 | P96: =IF(J96<0, D96, F96) -> AR2 + Nangka_WL_t_3

Sheet Model_Selection_Audit
B2: MODEL SELECTION AUDIT: CONDORCET & HC3 ROBUST INFERENCE
B3: Rule #20 Fair Common-Date Rankings + HC3 Heteroskedasticity-Robust Inference Audit
B5: Condorcet Rank | C5: Candidate ID | D5: Model Name | E5: Predictors | F5: K | G5: Train N | H5: Val N | I5: Max VIF | J5: Max p(OLS) | K5: Max p(HC3) | L5: Admissible (OLS) | M5: Admissible (HC3) | N5: Pairwise Wins | O5: Individual Val MAE (m) | P5: Individual Val RMSE (m) | Q5: Individual Val R2 | R5: Provisional Status | S5: Statistical Audit Note
B6: 1 | C6: 15 | D6: Candidate 15 (Full Watershed: Oro + Campana) | E6: Sto_Nino_DailyMaxWL_t_1 + Sto_Nino_DailyMaxWL_t_3 + Mt_Oro_Rain_t_1 + Mt_Campana_Rain_t_1 | F6: 4 | G6: 1770 | H6: 456 | I6: 1.7251442 | J6: 0.018875031 | K6: 0.31743301 | L6: YES | M6: NO | N6: 13 / 13 | O6: 0.30488341 | P6: 0.58534284 | Q6: 0.56580119 | R6: PAIRWISE_VALIDATION_LEADER | S6: Condorcet pairwise winner on common validation dates (13/13 wins)
B7: 2 | C7: 11 | D7: Candidate 11 (AR2 + Campana_t_1) | E7: Sto_Nino_DailyMaxWL_t_1 + Sto_Nino_DailyMaxWL_t_3 + Mt_Campana_Rain_t_1 | F7: 3 | G7: 1805 | H7: 479 | I7: 1.6023358 | J7: 1.4622337e-05 | K7: 0.22146643 | L7: YES | M7: NO | N7: 12 / 13 | O7: 0.30199503 | P7: 0.57620527 | Q7: 0.58787146 | R7: ADMISSIBLE_BENCHMARK | S7: Admissible alternative benchmark
B8: 3 | C8: 5 | D8: Candidate 5 (AR1 + Campana_t_1) | E8: Sto_Nino_DailyMaxWL_t_1 + Mt_Campana_Rain_t_1 | F8: 2 | G8: 1858 | H8: 508 | I8: 1.1962154 | J8: 9.7342134e-12 | K8: 0.011536584 | L8: YES | M8: YES | N8: 11 / 13 | O8: 0.30700805 | P8: 0.5767804 | Q8: 0.56591856 | R8: HC3_ROBUST_SIGNIFICANT_FINALIST | S8: Sole model with all slope p_HC3 < 0.05
B9: 4 | C9: 2 | D9: AR2 Model (AR1 + AR3) | E9: Sto_Nino_DailyMaxWL_t_1 + Sto_Nino_DailyMaxWL_t_3 | F9: 2 | G9: 2153 | H9: 481 | I9: 1.1644882 | J9: 0 | K9: 0.45173934 | L9: YES | M9: NO | N9: 10 / 13 | O9: 0.31995645 | P9: 0.66611718 | Q9: 0.4474496 | R9: ADMISSIBLE_BENCHMARK | S9: Admissible alternative benchmark
B10: 5 | C10: 10 | D10: Candidate 10 (Model A: AR2 + Oro_t_1) | E10: Sto_Nino_DailyMaxWL_t_1 + Sto_Nino_DailyMaxWL_t_3 + Mt_Oro_Rain_t_1 | F10: 3 | G10: 2110 | H10: 457 | I10: 1.1908905 | J10: 4.2037828e-05 | K10: 0.4529334 | L10: YES | M10: NO | N10: 9 / 13 | O10: 0.32665534 | P10: 0.61194561 | Q10: 0.52471809 | R10: ADMISSIBLE_BENCHMARK | S10: Admissible alternative benchmark
B11: 6 | C11: 9 | D11: AR2 + Boso-Boso_t_1 | E11: Sto_Nino_DailyMaxWL_t_1 + Sto_Nino_DailyMaxWL_t_3 + Mt_BosoBoso_Rain_t_1 | F11: 3 | G11: 2146 | H11: 480 | I11: 1.1893616 | J11: 4.1547501e-06 | K11: 0.45025742 | L11: YES | M11: NO | N11: 8 / 13 | O11: 0.33676363 | P11: 0.61788901 | Q11: 0.52540374 | R11: ADMISSIBLE_BENCHMARK | S11: Admissible alternative benchmark
B12: 7 | C12: 12 | D12: AR2 + Aries_t_1 | E12: Sto_Nino_DailyMaxWL_t_1 + Sto_Nino_DailyMaxWL_t_3 + Mt_Aries_Rain_t_1 | F12: 3 | G12: 2137 | H12: 466 | I12: 1.1937934 | J12: 8.7277409e-06 | K12: 0.45060599 | L12: YES | M12: NO | N12: 7 / 13 | O12: 0.32959925 | P12: 0.61077516 | Q12: 0.53141914 | R12: ADMISSIBLE_BENCHMARK | S12: Admissible alternative benchmark
B13: 8 | C13: 1 | D13: Baseline AR1 | E13: Sto_Nino_DailyMaxWL_t_1 | F13: 1 | G13: 2214 | H13: 510 | I13: 1 | J13: 0 | K13: 0.25405392 | L13: YES | M13: NO | N13: 6 / 13 | O13: 0.3394953 | P13: 0.68043237 | Q13: 0.39407951 | R13: ADMISSIBLE_BENCHMARK | S13: Admissible alternative benchmark
B14: 9 | C14: 7 | D14: AR1 + Oro_t_1 | E14: Sto_Nino_DailyMaxWL_t_1 + Mt_Oro_Rain_t_1 | F14: 2 | G14: 2171 | H14: 484 | I14: 1.0327675 | J14: 6.8927808e-06 | K14: 0.28698048 | L14: YES | M14: NO | N14: 5 / 13 | O14: 0.36171856 | P14: 0.64479808 | Q14: 0.44625751 | R14: ADMISSIBLE_BENCHMARK | S14: Admissible alternative benchmark
B15: 10 | C15: 8 | D15: AR1 + Aries_t_1 | E15: Sto_Nino_DailyMaxWL_t_1 + Mt_Aries_Rain_t_1 | F15: 2 | G15: 2198 | H15: 493 | I15: 1.0339201 | J15: 2.9319079e-06 | K15: 0.28641638 | L15: YES | M15: NO | N15: 4 / 13 | O15: 0.3567565 | P15: 0.63437757 | Q15: 0.46985112 | R15: ADMISSIBLE_BENCHMARK | S15: Admissible alternative benchmark
B16: 11 | C16: 4 | D16: AR1 + Boso-Boso_t_1 | E16: Sto_Nino_DailyMaxWL_t_1 + Mt_BosoBoso_Rain_t_1 | F16: 2 | G16: 2207 | H16: 509 | I16: 1.0300252 | J16: 9.2501186e-07 | K16: 0.28258886 | L16: YES | M16: NO | N16: 3 / 13 | O16: 0.36505988 | P16: 0.64112089 | Q16: 0.46295886 | R16: ADMISSIBLE_BENCHMARK | S16: Admissible alternative benchmark
B17: 12 | C17: 6 | D17: AR1 + NangkaRain_t_1 | E17: Sto_Nino_DailyMaxWL_t_1 + Nangka_Rain_t_1 | F17: 2 | G17: 1811 | H17: 472 | I17: 1.0270234 | J17: 0.000272059 | K17: 0.29764653 | L17: YES | M17: NO | N17: 2 / 13 | O17: 0.38929492 | P17: 0.67123678 | Q17: 0.43879848 | R17: ADMISSIBLE_BENCHMARK | S17: Admissible alternative benchmark
... B19: 14 | C19: 3 | D19: WL Multi-Station (AR1 + Nangka_t_3) | E19: Sto_Nino_DailyMaxWL_t_1 + Nangka_DailyMaxWL_t_3 | F19: 2 | G19: 2023 | H19: 371 | I19: 1.3370511 | J19: 0 | K19: 0.55467944 | L19: YES | M19: NO | N19: 0 / 13 | O19: 0.39650093 | P19: 0.71360657 | Q19: 0.30746383 | R19: ADMISSIBLE_BENCHMARK | S19: Admissible alternative benchmark
